-- ============================================================
-- Demo seed data (auto-generated by scripts/generate-seed.ts)
-- Loaded by `supabase db reset` for local/demo environments only.
-- NOT applied to production via `supabase db push`.
-- ============================================================

-- tenants
insert into tenants (id, name, slug, billing_rule) values
  ('00000000-0000-0000-0000-000000000001', 'Union', 'union', '{"type":"monthly"}'::jsonb),
  ('00000000-0000-0000-0000-000000000002', '三信産業', 'sanshin', '{"type":"monthly"}'::jsonb);

-- admin_users (allowlist for /admin sign-in)
insert into admin_users (tenant_id, email) values
  ('00000000-0000-0000-0000-000000000001', 'admin@kensetsu-tech.com');

-- customers (テスト借り主アカウント。パスワードは全員 'demo1234')
insert into customers (tenant_id, company_id, name, password_hash, phone, default_address, contact_email, must_change_password) values
  ('00000000-0000-0000-0000-000000000002', 'C-DEMO-001', 'デモ建設株式会社', '$2a$10$P3DcyMPfZqaiHLnSOfUB/exucSvjNMsAi1lv8dGTUX1Vg8I/M6iCm', '097-000-0001', '大分県大分市新貝6番7号', 'demo@example.com', false);

-- ==================== tenant: union ====================

-- offices (union)
insert into offices (tenant_id, name, area, address, phone, fax, sort_order, is_active) values
  ('00000000-0000-0000-0000-000000000001', '本社', null, null, null, null, 1, true),
  ('00000000-0000-0000-0000-000000000001', '営業所A', null, null, null, null, 2, true),
  ('00000000-0000-0000-0000-000000000001', '営業所B', null, null, null, null, 3, true);

-- categories (union)
insert into categories (tenant_id, name, slug, image_url, sort_order) values
  ('00000000-0000-0000-0000-000000000001', '車いす', 'wheelchair', null, 1),
  ('00000000-0000-0000-0000-000000000001', '車いす付属品', 'wheelchair-accessory', null, 2),
  ('00000000-0000-0000-0000-000000000001', '介護用ベッド（特殊寝台）', 'care-bed', null, 3),
  ('00000000-0000-0000-0000-000000000001', 'ベッド付属品', 'bed-accessory', null, 4),
  ('00000000-0000-0000-0000-000000000001', '床ずれ防止用具', 'anti-decubitus', null, 5),
  ('00000000-0000-0000-0000-000000000001', '体位変換器', 'position-change', null, 6),
  ('00000000-0000-0000-0000-000000000001', '手すり（工事不要）', 'handrail', null, 7),
  ('00000000-0000-0000-0000-000000000001', 'スロープ', 'slope', null, 8),
  ('00000000-0000-0000-0000-000000000001', '歩行器・歩行車', 'walker', null, 9),
  ('00000000-0000-0000-0000-000000000001', '歩行補助つえ', 'cane', null, 10),
  ('00000000-0000-0000-0000-000000000001', '移動用リフト', 'lift', null, 11),
  ('00000000-0000-0000-0000-000000000001', '入浴・排泄用具', 'bath-toilet', null, 12);

-- materials (union)
insert into materials (tenant_id, category_id, name, description, spec, daily_price, monthly_price, sort_order, is_active) values
  ('00000000-0000-0000-0000-000000000001', (select id from categories where tenant_id='00000000-0000-0000-0000-000000000001' and slug='wheelchair'), '標準型自走用車いす', '自分でこげる標準タイプの車いす', '{"座幅":"40cm","重量":"約13kg","最大使用者体重":"100kg"}'::jsonb, null, 6000, 1, true),
  ('00000000-0000-0000-0000-000000000001', (select id from categories where tenant_id='00000000-0000-0000-0000-000000000001' and slug='wheelchair'), '介助用車いす', '介助者が押して使う軽量タイプ', '{"座幅":"40cm","重量":"約11kg","最大使用者体重":"100kg"}'::jsonb, null, 6000, 2, true),
  ('00000000-0000-0000-0000-000000000001', (select id from categories where tenant_id='00000000-0000-0000-0000-000000000001' and slug='wheelchair'), 'リクライニング車いす', '背もたれを倒せるリクライニング機構付き', '{"座幅":"42cm","リクライニング角度":"〜120°","最大使用者体重":"100kg"}'::jsonb, null, 9000, 3, true),
  ('00000000-0000-0000-0000-000000000001', (select id from categories where tenant_id='00000000-0000-0000-0000-000000000001' and slug='wheelchair'), 'ティルト・リクライニング車いす', '座面ごと傾けて姿勢保持できるタイプ', '{"座幅":"42cm","ティルト角度":"〜25°","最大使用者体重":"100kg"}'::jsonb, null, 12000, 4, true),
  ('00000000-0000-0000-0000-000000000001', (select id from categories where tenant_id='00000000-0000-0000-0000-000000000001' and slug='wheelchair'), '電動車いす', 'ジョイスティック操作の電動タイプ', '{"最高速度":"6km/h","走行距離":"約20km","バッテリー":"鉛蓄電池"}'::jsonb, null, 22000, 5, true),
  ('00000000-0000-0000-0000-000000000001', (select id from categories where tenant_id='00000000-0000-0000-0000-000000000001' and slug='wheelchair'), 'モジュール型車いす', '体格に合わせて寸法調整できるタイプ', '{"座幅":"調整可","座面高":"調整可","最大使用者体重":"100kg"}'::jsonb, null, 11000, 6, true),
  ('00000000-0000-0000-0000-000000000001', (select id from categories where tenant_id='00000000-0000-0000-0000-000000000001' and slug='wheelchair-accessory'), '車いすクッション', '座位姿勢の保持・床ずれ予防用クッション', '{"厚さ":"5cm","素材":"ウレタン・ゲル"}'::jsonb, null, 2000, 1, true),
  ('00000000-0000-0000-0000-000000000001', (select id from categories where tenant_id='00000000-0000-0000-0000-000000000001' and slug='wheelchair-accessory'), '電動補助装置', '手動車いすに後付けする電動アシスト', '{"方式":"アシスト式","適合":"標準型車いす"}'::jsonb, null, 18000, 2, true),
  ('00000000-0000-0000-0000-000000000001', (select id from categories where tenant_id='00000000-0000-0000-0000-000000000001' and slug='wheelchair-accessory'), 'テーブル板', '車いすに取り付ける食事・作業用テーブル', '{"素材":"樹脂"}'::jsonb, null, 1500, 3, true),
  ('00000000-0000-0000-0000-000000000001', (select id from categories where tenant_id='00000000-0000-0000-0000-000000000001' and slug='wheelchair-accessory'), 'ブレーキ延長レバー', 'ブレーキ操作を楽にする延長レバー', '{"取付":"ねじ式"}'::jsonb, null, 800, 4, true),
  ('00000000-0000-0000-0000-000000000001', (select id from categories where tenant_id='00000000-0000-0000-0000-000000000001' and slug='care-bed'), '2モーターベッド', '背上げと高さ調整ができる2モータータイプ', '{"機構":"背・脚連動＋高さ調整","幅":"83/91/100cm"}'::jsonb, null, 8000, 1, true),
  ('00000000-0000-0000-0000-000000000001', (select id from categories where tenant_id='00000000-0000-0000-0000-000000000001' and slug='care-bed'), '3モーターベッド', '背・脚・高さを独立操作できる3モータータイプ', '{"機構":"背・脚・高さ独立","幅":"83/91/100cm"}'::jsonb, null, 10000, 2, true),
  ('00000000-0000-0000-0000-000000000001', (select id from categories where tenant_id='00000000-0000-0000-0000-000000000001' and slug='care-bed'), '1モーターベッド', '背上げのみのシンプルな1モータータイプ', '{"機構":"背上げのみ","幅":"83cm"}'::jsonb, null, 6000, 3, true),
  ('00000000-0000-0000-0000-000000000001', (select id from categories where tenant_id='00000000-0000-0000-0000-000000000001' and slug='care-bed'), '超低床ベッド', '転落リスクを抑える超低床タイプ', '{"最低床高":"約11cm"}'::jsonb, null, 11000, 4, true),
  ('00000000-0000-0000-0000-000000000001', (select id from categories where tenant_id='00000000-0000-0000-0000-000000000001' and slug='bed-accessory'), 'マットレス', '介護用ベッド対応マットレス', '{"厚さ":"10cm","幅":"83/91cm"}'::jsonb, null, 3000, 1, true),
  ('00000000-0000-0000-0000-000000000001', (select id from categories where tenant_id='00000000-0000-0000-0000-000000000001' and slug='bed-accessory'), 'サイドレール', 'ベッドからの転落を防ぐ柵', '{"方式":"差込式","長さ":"約90cm"}'::jsonb, null, 600, 2, true),
  ('00000000-0000-0000-0000-000000000001', (select id from categories where tenant_id='00000000-0000-0000-0000-000000000001' and slug='bed-accessory'), '介助バー（ベッド用手すり）', '起き上がり・立ち上がりを補助する手すり', '{"方式":"スイングアーム式"}'::jsonb, null, 1500, 3, true),
  ('00000000-0000-0000-0000-000000000001', (select id from categories where tenant_id='00000000-0000-0000-0000-000000000001' and slug='bed-accessory'), 'ベッドテーブル', 'ベッド上で使える昇降式テーブル', '{"高さ":"調整可","キャスター":"付"}'::jsonb, null, 1800, 4, true),
  ('00000000-0000-0000-0000-000000000001', (select id from categories where tenant_id='00000000-0000-0000-0000-000000000001' and slug='bed-accessory'), 'スライディングボード', 'ベッド〜車いすの移乗を助ける板', '{"用途":"移乗用","素材":"樹脂"}'::jsonb, null, 2500, 5, true),
  ('00000000-0000-0000-0000-000000000001', (select id from categories where tenant_id='00000000-0000-0000-0000-000000000001' and slug='anti-decubitus'), 'エアマットレス', '体圧を自動で分散するエアマットレス', '{"方式":"圧切替式","付属":"ポンプ"}'::jsonb, null, 9000, 1, true),
  ('00000000-0000-0000-0000-000000000001', (select id from categories where tenant_id='00000000-0000-0000-0000-000000000001' and slug='anti-decubitus'), 'ウレタンマットレス', '多層ウレタンの体圧分散マットレス', '{"構造":"多層ウレタン","厚さ":"10cm"}'::jsonb, null, 5000, 2, true),
  ('00000000-0000-0000-0000-000000000001', (select id from categories where tenant_id='00000000-0000-0000-0000-000000000001' and slug='anti-decubitus'), '静止型マットレス', '動かない静止型の床ずれ防止マットレス', '{"素材":"体圧分散ウレタン"}'::jsonb, null, 4000, 3, true),
  ('00000000-0000-0000-0000-000000000001', (select id from categories where tenant_id='00000000-0000-0000-0000-000000000001' and slug='position-change'), '体位変換クッション', '横向き姿勢などの保持に使うクッション', '{"素材":"ウレタン","カバー":"洗濯可"}'::jsonb, null, 1500, 1, true),
  ('00000000-0000-0000-0000-000000000001', (select id from categories where tenant_id='00000000-0000-0000-0000-000000000001' and slug='position-change'), 'スライディングシート', '体の下に敷いて移動を楽にするシート', '{"形状":"筒状","素材":"ナイロン"}'::jsonb, null, 1800, 2, true),
  ('00000000-0000-0000-0000-000000000001', (select id from categories where tenant_id='00000000-0000-0000-0000-000000000001' and slug='handrail'), '据置型手すり', '床に置くだけの工事不要手すり', '{"設置":"床置式","工事":"不要"}'::jsonb, null, 3000, 1, true),
  ('00000000-0000-0000-0000-000000000001', (select id from categories where tenant_id='00000000-0000-0000-0000-000000000001' and slug='handrail'), '突っ張り型手すり', '床〜天井を突っ張って固定する手すり', '{"設置":"天井突っ張り式"}'::jsonb, null, 3500, 2, true),
  ('00000000-0000-0000-0000-000000000001', (select id from categories where tenant_id='00000000-0000-0000-0000-000000000001' and slug='handrail'), 'ベッドサイド手すり', 'ベッド脇に設置する起き上がり手すり', '{"設置":"マットレス下差込式"}'::jsonb, null, 2000, 3, true),
  ('00000000-0000-0000-0000-000000000001', (select id from categories where tenant_id='00000000-0000-0000-0000-000000000001' and slug='slope'), 'アルミ可搬型スロープ', '持ち運べるアルミ製スロープ', '{"長さ":"1m/1.5m/2m","素材":"アルミ"}'::jsonb, null, 4000, 1, true),
  ('00000000-0000-0000-0000-000000000001', (select id from categories where tenant_id='00000000-0000-0000-0000-000000000001' and slug='slope'), '段差解消スロープ', '玄関などの段差を解消するスロープ', '{"素材":"ゴム","対応段差":"5/10cm"}'::jsonb, null, 1500, 2, true),
  ('00000000-0000-0000-0000-000000000001', (select id from categories where tenant_id='00000000-0000-0000-0000-000000000001' and slug='slope'), '折りたたみスロープ', '折りたたんで収納できるスロープ', '{"形状":"二つ折り","素材":"アルミ"}'::jsonb, null, 4500, 3, true),
  ('00000000-0000-0000-0000-000000000001', (select id from categories where tenant_id='00000000-0000-0000-0000-000000000001' and slug='walker'), '固定型歩行器', '持ち上げて進む固定型歩行器', '{"素材":"アルミ","高さ":"調整可"}'::jsonb, null, 2500, 1, true),
  ('00000000-0000-0000-0000-000000000001', (select id from categories where tenant_id='00000000-0000-0000-0000-000000000001' and slug='walker'), '交互型歩行器', '左右を交互に動かして進む歩行器', '{"機構":"左右交互稼働"}'::jsonb, null, 3000, 2, true),
  ('00000000-0000-0000-0000-000000000001', (select id from categories where tenant_id='00000000-0000-0000-0000-000000000001' and slug='walker'), '四輪歩行車', '座って休める四輪タイプの歩行車', '{"タイプ":"座面・かご付"}'::jsonb, null, 4000, 3, true),
  ('00000000-0000-0000-0000-000000000001', (select id from categories where tenant_id='00000000-0000-0000-0000-000000000001' and slug='walker'), '抑速ブレーキ付歩行車', '下り坂で自動的に速度を抑える歩行車', '{"機構":"下り坂自動制動"}'::jsonb, null, 5000, 4, true),
  ('00000000-0000-0000-0000-000000000001', (select id from categories where tenant_id='00000000-0000-0000-0000-000000000001' and slug='cane'), '4点杖（多点杖）', '接地面4点で安定する多点杖', '{"支持":"4点","高さ":"調整可"}'::jsonb, null, 1200, 1, true),
  ('00000000-0000-0000-0000-000000000001', (select id from categories where tenant_id='00000000-0000-0000-0000-000000000001' and slug='cane'), 'ロフストランドクラッチ', '前腕で支えるロフストランドクラッチ', '{"支持":"前腕型"}'::jsonb, null, 1500, 2, true),
  ('00000000-0000-0000-0000-000000000001', (select id from categories where tenant_id='00000000-0000-0000-0000-000000000001' and slug='cane'), '松葉杖', '脇で支える調整式の松葉杖', '{"高さ":"調整可","素材":"アルミ"}'::jsonb, null, 1000, 3, true),
  ('00000000-0000-0000-0000-000000000001', (select id from categories where tenant_id='00000000-0000-0000-0000-000000000001' and slug='cane'), 'サイドウォーカー', '片手で扱える四脚のサイドウォーカー', '{"操作":"片手","脚数":"四脚"}'::jsonb, null, 2000, 4, true),
  ('00000000-0000-0000-0000-000000000001', (select id from categories where tenant_id='00000000-0000-0000-0000-000000000001' and slug='lift'), '床走行式リフト', 'キャスターで移動できるつり上げリフト', '{"方式":"つり上げ式","最大荷重":"100/150kg"}'::jsonb, null, 18000, 1, true),
  ('00000000-0000-0000-0000-000000000001', (select id from categories where tenant_id='00000000-0000-0000-0000-000000000001' and slug='lift'), '据置式リフト', 'ベッド〜車いす間に設置する据置リフト', '{"設置":"固定式"}'::jsonb, null, 16000, 2, true),
  ('00000000-0000-0000-0000-000000000001', (select id from categories where tenant_id='00000000-0000-0000-0000-000000000001' and slug='lift'), '立位補助リフト', '立ち上がりを補助するリフト', '{"用途":"起立補助","最大荷重":"100kg"}'::jsonb, null, 20000, 3, true),
  ('00000000-0000-0000-0000-000000000001', (select id from categories where tenant_id='00000000-0000-0000-0000-000000000001' and slug='lift'), 'スリングシート（つり具）', 'リフトに取り付けるつり具シート', '{"素材":"ポリエステル","サイズ":"S/M/L"}'::jsonb, null, 6000, 4, true),
  ('00000000-0000-0000-0000-000000000001', (select id from categories where tenant_id='00000000-0000-0000-0000-000000000001' and slug='bath-toilet'), 'シャワーチェア', '座って洗体できる入浴用いす', '{"背":"付","高さ":"調整可","折りたたみ":"可"}'::jsonb, null, 3000, 1, true),
  ('00000000-0000-0000-0000-000000000001', (select id from categories where tenant_id='00000000-0000-0000-0000-000000000001' and slug='bath-toilet'), 'バスボード（入浴台）', '浴槽の出入りを補助する板', '{"設置":"浴槽縁掛け","最大使用者体重":"100kg"}'::jsonb, null, 2500, 2, true),
  ('00000000-0000-0000-0000-000000000001', (select id from categories where tenant_id='00000000-0000-0000-0000-000000000001' and slug='bath-toilet'), '浴槽内いす', '浴槽の中で使う高さ調整いす', '{"固定":"吸盤","高さ":"調整可"}'::jsonb, null, 2500, 3, true),
  ('00000000-0000-0000-0000-000000000001', (select id from categories where tenant_id='00000000-0000-0000-0000-000000000001' and slug='bath-toilet'), 'ポータブルトイレ', '居室に置ける移動式トイレ', '{"素材":"樹脂・木製","便座":"暖房便座"}'::jsonb, null, 4000, 4, true),
  ('00000000-0000-0000-0000-000000000001', (select id from categories where tenant_id='00000000-0000-0000-0000-000000000001' and slug='bath-toilet'), '自動排泄処理装置', '排泄物を自動で吸引・処理する装置', '{"方式":"自動吸引","対応":"尿・便"}'::jsonb, null, 25000, 5, true);

-- images / material_images (union): 画像なし

-- ==================== tenant: sanshin ====================

-- offices (sanshin)
insert into offices (tenant_id, name, area, address, phone, fax, sort_order, is_active) values
  ('00000000-0000-0000-0000-000000000002', '本社', '大分', '大分県大分市新貝6番7号', '097-552-1015', '097-552-1310', 1, true),
  ('00000000-0000-0000-0000-000000000002', '大分支店・機材センター', '大分', '大分県大分市大字上戸次3681', '097-597-2381', '097-597-4522', 2, true),
  ('00000000-0000-0000-0000-000000000002', '大分中央営業所・機材センター', '大分', '大分県大分市向原沖1丁目2番2号', '097-551-3478', '097-552-5560', 3, true),
  ('00000000-0000-0000-0000-000000000002', '日本製鉄構内営業所・機材センター', '大分', '大分県大分市大字西ノ州1', '097-556-3490', '097-556-3491', 4, true),
  ('00000000-0000-0000-0000-000000000002', '中津営業所・機材センター', '大分', '大分県中津市大字植野463', '0979-32-4131', '0979-32-4258', 5, true),
  ('00000000-0000-0000-0000-000000000002', '日田営業所・機材センター', '大分', '大分県日田市北友田2丁目2406-1', '0973-22-5796', '0973-22-5797', 6, true),
  ('00000000-0000-0000-0000-000000000002', '竹田営業所・機材センター', '大分', '大分県竹田市飛田川2239-5', '0974-63-2814', '0974-63-2815', 7, true),
  ('00000000-0000-0000-0000-000000000002', '佐伯営業所・機材センター', '大分', '大分県佐伯市大字上岡1551-1', '0972-24-0289', '0972-23-7563', 8, true),
  ('00000000-0000-0000-0000-000000000002', '臼杵営業所・機材センター', '大分', '大分県臼杵市大字井村1283番地の1', '0972-64-0421', '0972-64-0422', 9, true),
  ('00000000-0000-0000-0000-000000000002', '日出営業所・機材センター', '大分', '大分県速見郡日出町大字大神9656-10', '0977-28-0108', '0977-28-0107', 10, true),
  ('00000000-0000-0000-0000-000000000002', '福岡支店・機材センター', '福岡', '福岡県粕屋郡篠栗町大字和田405番地', '092-947-1490', '092-947-1294', 11, true),
  ('00000000-0000-0000-0000-000000000002', '小倉営業所・機材センター', '福岡', '福岡県北九州市小倉南区大字長野971-1', '093-472-6540', '093-472-6742', 12, true),
  ('00000000-0000-0000-0000-000000000002', '八幡営業所・機材センター', '福岡', '福岡県北九州市八幡西区洞北町4-5', '093-691-3411', '093-691-3412', 13, true),
  ('00000000-0000-0000-0000-000000000002', '筑豊営業所・機材センター', '福岡', '福岡県田川郡福智町赤池474-95', '0947-28-3981', '0947-28-3980', 14, true),
  ('00000000-0000-0000-0000-000000000002', '山口支店・機材センター', '山口', '山口県下松市大字山田字田中142-1', '0833-47-0808', '0833-46-3034', 15, true),
  ('00000000-0000-0000-0000-000000000002', '下関営業所・機材センター', '山口', '山口県下関市大字形山91番', '083-263-3596', '083-263-3597', 16, true),
  ('00000000-0000-0000-0000-000000000002', '宇部営業所・機材センター', '山口', '山口県宇部市大字船木14-11', '0836-67-3439', '0836-67-3438', 17, true),
  ('00000000-0000-0000-0000-000000000002', '岩国営業所・機材センター', '山口', '山口県岩国市日の出町2343番地1', '0827-88-4432', '0827-88-4448', 18, true);

-- categories (sanshin)
insert into categories (tenant_id, name, slug, image_url, sort_order) values
  ('00000000-0000-0000-0000-000000000002', '仮囲い', 'karigakoi', '/images/materials/0449.jpg', 1),
  ('00000000-0000-0000-0000-000000000002', '保安機材', 'hoan-kizai', '/images/materials/0484.jpg', 2),
  ('00000000-0000-0000-0000-000000000002', 'Iqシステム', 'iq-system', '/images/materials/kn9_img.webp', 3),
  ('00000000-0000-0000-0000-000000000002', '枠組足場', 'wakugumi-ashiba', '/images/materials/0502.jpg', 4),
  ('00000000-0000-0000-0000-000000000002', '昇降式足場', 'shoukou-ashiba', '/images/materials/kn6_img.webp', 5),
  ('00000000-0000-0000-0000-000000000002', '単管足場', 'tankan-ashiba', '/images/materials/0501.jpg', 6),
  ('00000000-0000-0000-0000-000000000002', '吊足場', 'tsuri-ashiba', '/images/materials/ch_2.jpg', 7),
  ('00000000-0000-0000-0000-000000000002', '鉄骨足場', 'tekkotsu-ashiba', '/images/materials/0484.jpg', 8),
  ('00000000-0000-0000-0000-000000000002', 'アルミ・室内足場', 'arumi-shitsunai', '/images/materials/ksp6.jpg', 9),
  ('00000000-0000-0000-0000-000000000002', '型枠／土木', 'katawaku-doboku', '/images/materials/0501.jpg', 10),
  ('00000000-0000-0000-0000-000000000002', '支保工／支保梁', 'shihokou', '/images/materials/0502.jpg', 11),
  ('00000000-0000-0000-0000-000000000002', 'ハウス／トイレ／備品', 'kasetsu-bihin', '/images/materials/ksp72.jpg', 12);

-- materials (sanshin)
insert into materials (tenant_id, category_id, name, description, spec, daily_price, monthly_price, sort_order, is_active) values
  ('00000000-0000-0000-0000-000000000002', (select id from categories where tenant_id='00000000-0000-0000-0000-000000000002' and slug='karigakoi'), 'ガルバ鋼板', 'ガルバリウム鋼板製の仮囲いパネル', '{"規格":"2M / 3M","重量":"12.0kg / 18.1kg","材質":"JIS G3321 SGLCC"}'::jsonb, null, null, 1, true),
  ('00000000-0000-0000-0000-000000000002', (select id from categories where tenant_id='00000000-0000-0000-0000-000000000002' and slug='karigakoi'), '環境フェンス', '防音・防塵対応の環境配慮型フェンス', '{}'::jsonb, null, null, 2, true),
  ('00000000-0000-0000-0000-000000000002', (select id from categories where tenant_id='00000000-0000-0000-0000-000000000002' and slug='karigakoi'), 'クロスゲート', '伸縮式のクロスゲート', '{}'::jsonb, null, null, 3, true),
  ('00000000-0000-0000-0000-000000000002', (select id from categories where tenant_id='00000000-0000-0000-0000-000000000002' and slug='karigakoi'), 'フロアゲート', '車両出入口用フロアゲート', '{}'::jsonb, null, null, 4, true),
  ('00000000-0000-0000-0000-000000000002', (select id from categories where tenant_id='00000000-0000-0000-0000-000000000002' and slug='karigakoi'), '潜り戸', '仮囲い用の通行戸', '{}'::jsonb, null, null, 5, true),
  ('00000000-0000-0000-0000-000000000002', (select id from categories where tenant_id='00000000-0000-0000-0000-000000000002' and slug='karigakoi'), 'パネルゲート', 'パネル式の大型ゲート', '{}'::jsonb, null, null, 6, true),
  ('00000000-0000-0000-0000-000000000002', (select id from categories where tenant_id='00000000-0000-0000-0000-000000000002' and slug='hoan-kizai'), 'カラーコーン', '現場区画用カラーコーン', '{"重量":"1.0kg"}'::jsonb, null, null, 1, true),
  ('00000000-0000-0000-0000-000000000002', (select id from categories where tenant_id='00000000-0000-0000-0000-000000000002' and slug='hoan-kizai'), 'コーンベッド', 'カラーコーン用ベッド', '{"重量":"1.5kg"}'::jsonb, null, null, 2, true),
  ('00000000-0000-0000-0000-000000000002', (select id from categories where tenant_id='00000000-0000-0000-0000-000000000002' and slug='hoan-kizai'), 'コーンバー', 'コーン間連結バー', '{"重量":"1.0kg"}'::jsonb, null, null, 3, true),
  ('00000000-0000-0000-0000-000000000002', (select id from categories where tenant_id='00000000-0000-0000-0000-000000000002' and slug='hoan-kizai'), '単管バリケード', '単管パイプ製バリケード', '{"重量":"4.0kg"}'::jsonb, null, null, 4, true),
  ('00000000-0000-0000-0000-000000000002', (select id from categories where tenant_id='00000000-0000-0000-0000-000000000002' and slug='hoan-kizai'), '進入防止ドア', '足場階段用の進入防止ドア', '{}'::jsonb, null, null, 5, true),
  ('00000000-0000-0000-0000-000000000002', (select id from categories where tenant_id='00000000-0000-0000-0000-000000000002' and slug='iq-system'), 'アイキューシステム', 'くさび緊結式足場（抜け止め機能付き）。階高1900mm、先行手すり標準装備', '{"階高":"1900mm","タイプ":"くさび緊結式"}'::jsonb, null, null, 1, true),
  ('00000000-0000-0000-0000-000000000002', (select id from categories where tenant_id='00000000-0000-0000-0000-000000000002' and slug='wakugumi-ashiba'), '建枠', '枠組足場の基本フレーム', '{}'::jsonb, null, null, 1, true),
  ('00000000-0000-0000-0000-000000000002', (select id from categories where tenant_id='00000000-0000-0000-0000-000000000002' and slug='wakugumi-ashiba'), '調整枠', '高さ調整用フレーム', '{}'::jsonb, null, null, 2, true),
  ('00000000-0000-0000-0000-000000000002', (select id from categories where tenant_id='00000000-0000-0000-0000-000000000002' and slug='wakugumi-ashiba'), '拡げ枠', '幅拡張用フレーム', '{}'::jsonb, null, null, 3, true),
  ('00000000-0000-0000-0000-000000000002', (select id from categories where tenant_id='00000000-0000-0000-0000-000000000002' and slug='wakugumi-ashiba'), '梯子枠', '梯子付きフレーム', '{}'::jsonb, null, null, 4, true),
  ('00000000-0000-0000-0000-000000000002', (select id from categories where tenant_id='00000000-0000-0000-0000-000000000002' and slug='wakugumi-ashiba'), '連結ピン', '枠組足場の連結用ピン', '{}'::jsonb, null, null, 5, true),
  ('00000000-0000-0000-0000-000000000002', (select id from categories where tenant_id='00000000-0000-0000-0000-000000000002' and slug='wakugumi-ashiba'), '布板', '足場用布板', '{}'::jsonb, null, null, 6, true),
  ('00000000-0000-0000-0000-000000000002', (select id from categories where tenant_id='00000000-0000-0000-0000-000000000002' and slug='wakugumi-ashiba'), 'コーナー板', 'コーナー部用板材', '{}'::jsonb, null, null, 7, true),
  ('00000000-0000-0000-0000-000000000002', (select id from categories where tenant_id='00000000-0000-0000-0000-000000000002' and slug='wakugumi-ashiba'), 'スジカイ', '補強用筋交い', '{}'::jsonb, null, null, 8, true),
  ('00000000-0000-0000-0000-000000000002', (select id from categories where tenant_id='00000000-0000-0000-0000-000000000002' and slug='wakugumi-ashiba'), '階段', '昇降用階段', '{}'::jsonb, null, null, 9, true),
  ('00000000-0000-0000-0000-000000000002', (select id from categories where tenant_id='00000000-0000-0000-0000-000000000002' and slug='wakugumi-ashiba'), '手摺り', '安全手摺り', '{}'::jsonb, null, null, 10, true),
  ('00000000-0000-0000-0000-000000000002', (select id from categories where tenant_id='00000000-0000-0000-0000-000000000002' and slug='wakugumi-ashiba'), 'ジャッキベース', '足場の高さ調整用ジャッキ', '{}'::jsonb, null, null, 11, true),
  ('00000000-0000-0000-0000-000000000002', (select id from categories where tenant_id='00000000-0000-0000-0000-000000000002' and slug='wakugumi-ashiba'), '壁つなぎ', '足場と建物の固定部材', '{}'::jsonb, null, null, 12, true),
  ('00000000-0000-0000-0000-000000000002', (select id from categories where tenant_id='00000000-0000-0000-0000-000000000002' and slug='wakugumi-ashiba'), 'ローリングタワー', '移動式足場タワー', '{}'::jsonb, null, null, 13, true),
  ('00000000-0000-0000-0000-000000000002', (select id from categories where tenant_id='00000000-0000-0000-0000-000000000002' and slug='wakugumi-ashiba'), 'H鋼ブラケット', 'H鋼取付用ブラケット', '{}'::jsonb, null, null, 14, true),
  ('00000000-0000-0000-0000-000000000002', (select id from categories where tenant_id='00000000-0000-0000-0000-000000000002' and slug='wakugumi-ashiba'), '幅木（セフトバンパー）', '落下防止用幅木', '{}'::jsonb, null, null, 15, true),
  ('00000000-0000-0000-0000-000000000002', (select id from categories where tenant_id='00000000-0000-0000-0000-000000000002' and slug='wakugumi-ashiba'), '防炎メッシュ', '防炎仕様のメッシュシート', '{}'::jsonb, null, null, 16, true),
  ('00000000-0000-0000-0000-000000000002', (select id from categories where tenant_id='00000000-0000-0000-0000-000000000002' and slug='wakugumi-ashiba'), '防音シート', '防音仕様の養生シート', '{}'::jsonb, null, null, 17, true),
  ('00000000-0000-0000-0000-000000000002', (select id from categories where tenant_id='00000000-0000-0000-0000-000000000002' and slug='wakugumi-ashiba'), '防音パネル', '防音対策パネル', '{}'::jsonb, null, null, 18, true),
  ('00000000-0000-0000-0000-000000000002', (select id from categories where tenant_id='00000000-0000-0000-0000-000000000002' and slug='shoukou-ashiba'), 'リフトクライマー', '自走式昇降足場', '{}'::jsonb, null, null, 1, true),
  ('00000000-0000-0000-0000-000000000002', (select id from categories where tenant_id='00000000-0000-0000-0000-000000000002' and slug='shoukou-ashiba'), '工事用エレベーター', '建設工事用エレベーター', '{}'::jsonb, null, null, 2, true),
  ('00000000-0000-0000-0000-000000000002', (select id from categories where tenant_id='00000000-0000-0000-0000-000000000002' and slug='tankan-ashiba'), 'パイプ', '単管パイプ（φ48.6mm）', '{"径":"φ48.6mm"}'::jsonb, null, null, 1, true),
  ('00000000-0000-0000-0000-000000000002', (select id from categories where tenant_id='00000000-0000-0000-0000-000000000002' and slug='tankan-ashiba'), 'クランプ', '直交・自在クランプ', '{}'::jsonb, null, null, 2, true),
  ('00000000-0000-0000-0000-000000000002', (select id from categories where tenant_id='00000000-0000-0000-0000-000000000002' and slug='tankan-ashiba'), '足場板', 'スチール製足場板', '{}'::jsonb, null, null, 3, true),
  ('00000000-0000-0000-0000-000000000002', (select id from categories where tenant_id='00000000-0000-0000-0000-000000000002' and slug='tankan-ashiba'), 'プラワンシリーズ', 'プラスチック製足場板', '{}'::jsonb, null, null, 4, true),
  ('00000000-0000-0000-0000-000000000002', (select id from categories where tenant_id='00000000-0000-0000-0000-000000000002' and slug='tsuri-ashiba'), 'クイックデッキ', '吊り下げ式作業足場システム', '{}'::jsonb, null, null, 1, true),
  ('00000000-0000-0000-0000-000000000002', (select id from categories where tenant_id='00000000-0000-0000-0000-000000000002' and slug='tsuri-ashiba'), 'セーフティSKパネル', '安全パネル式吊足場', '{}'::jsonb, null, null, 2, true),
  ('00000000-0000-0000-0000-000000000002', (select id from categories where tenant_id='00000000-0000-0000-0000-000000000002' and slug='tekkotsu-ashiba'), '親綱支柱', '親綱固定用支柱', '{}'::jsonb, null, null, 1, true),
  ('00000000-0000-0000-0000-000000000002', (select id from categories where tenant_id='00000000-0000-0000-0000-000000000002' and slug='tekkotsu-ashiba'), '親綱', '安全帯取付用親綱ロープ', '{}'::jsonb, null, null, 2, true),
  ('00000000-0000-0000-0000-000000000002', (select id from categories where tenant_id='00000000-0000-0000-0000-000000000002' and slug='tekkotsu-ashiba'), '緊張器', '親綱用緊張器', '{}'::jsonb, null, null, 3, true),
  ('00000000-0000-0000-0000-000000000002', (select id from categories where tenant_id='00000000-0000-0000-0000-000000000002' and slug='tekkotsu-ashiba'), 'リリーフポスト', '安全帯取付用ポスト', '{}'::jsonb, null, null, 4, true),
  ('00000000-0000-0000-0000-000000000002', (select id from categories where tenant_id='00000000-0000-0000-0000-000000000002' and slug='tekkotsu-ashiba'), 'ラッセルネット', '落下防止用ラッセルネット', '{}'::jsonb, null, null, 5, true),
  ('00000000-0000-0000-0000-000000000002', (select id from categories where tenant_id='00000000-0000-0000-0000-000000000002' and slug='tekkotsu-ashiba'), 'グリーンネット', '落下防止用グリーンネット', '{}'::jsonb, null, null, 6, true),
  ('00000000-0000-0000-0000-000000000002', (select id from categories where tenant_id='00000000-0000-0000-0000-000000000002' and slug='tekkotsu-ashiba'), 'スタンション', '手摺り支柱', '{}'::jsonb, null, null, 7, true),
  ('00000000-0000-0000-0000-000000000002', (select id from categories where tenant_id='00000000-0000-0000-0000-000000000002' and slug='tekkotsu-ashiba'), '安全ブロック', '安全ブロック（墜落防止器具）', '{}'::jsonb, null, null, 8, true),
  ('00000000-0000-0000-0000-000000000002', (select id from categories where tenant_id='00000000-0000-0000-0000-000000000002' and slug='tekkotsu-ashiba'), 'ロックマン', 'ロック式安全器具', '{}'::jsonb, null, null, 9, true),
  ('00000000-0000-0000-0000-000000000002', (select id from categories where tenant_id='00000000-0000-0000-0000-000000000002' and slug='arumi-shitsunai'), 'マキシムベース', 'アルミ製ベース', '{}'::jsonb, null, null, 1, true),
  ('00000000-0000-0000-0000-000000000002', (select id from categories where tenant_id='00000000-0000-0000-0000-000000000002' and slug='arumi-shitsunai'), 'ステップキューブ', '組立式ステップ', '{}'::jsonb, null, null, 2, true),
  ('00000000-0000-0000-0000-000000000002', (select id from categories where tenant_id='00000000-0000-0000-0000-000000000002' and slug='arumi-shitsunai'), 'アルミはしご', 'アルミ製はしご', '{}'::jsonb, null, null, 3, true),
  ('00000000-0000-0000-0000-000000000002', (select id from categories where tenant_id='00000000-0000-0000-0000-000000000002' and slug='arumi-shitsunai'), '天井点検口はしご', '天井点検口用はしご', '{}'::jsonb, null, null, 4, true),
  ('00000000-0000-0000-0000-000000000002', (select id from categories where tenant_id='00000000-0000-0000-0000-000000000002' and slug='arumi-shitsunai'), 'アルミ脚立', 'アルミ製脚立', '{}'::jsonb, null, null, 5, true),
  ('00000000-0000-0000-0000-000000000002', (select id from categories where tenant_id='00000000-0000-0000-0000-000000000002' and slug='arumi-shitsunai'), 'コンステップ', 'コンパクト作業台', '{}'::jsonb, null, null, 6, true),
  ('00000000-0000-0000-0000-000000000002', (select id from categories where tenant_id='00000000-0000-0000-0000-000000000002' and slug='arumi-shitsunai'), 'コンスタワー', '室内用ローリングタワー', '{}'::jsonb, null, null, 7, true),
  ('00000000-0000-0000-0000-000000000002', (select id from categories where tenant_id='00000000-0000-0000-0000-000000000002' and slug='arumi-shitsunai'), 'ライトステップ', '軽量ステップ', '{}'::jsonb, null, null, 8, true),
  ('00000000-0000-0000-0000-000000000002', (select id from categories where tenant_id='00000000-0000-0000-0000-000000000002' and slug='arumi-shitsunai'), 'トラッキング', '高所作業用トラッキング', '{}'::jsonb, null, null, 9, true),
  ('00000000-0000-0000-0000-000000000002', (select id from categories where tenant_id='00000000-0000-0000-0000-000000000002' and slug='arumi-shitsunai'), '簡易棚', '現場用簡易棚', '{}'::jsonb, null, null, 10, true),
  ('00000000-0000-0000-0000-000000000002', (select id from categories where tenant_id='00000000-0000-0000-0000-000000000002' and slug='arumi-shitsunai'), '1t台車', '1トン積載台車', '{}'::jsonb, null, null, 11, true),
  ('00000000-0000-0000-0000-000000000002', (select id from categories where tenant_id='00000000-0000-0000-0000-000000000002' and slug='arumi-shitsunai'), 'アルミ製六輪・四輪台車', 'アルミ製台車', '{}'::jsonb, null, null, 12, true),
  ('00000000-0000-0000-0000-000000000002', (select id from categories where tenant_id='00000000-0000-0000-0000-000000000002' and slug='arumi-shitsunai'), '多目的台車', '多目的台車', '{}'::jsonb, null, null, 13, true),
  ('00000000-0000-0000-0000-000000000002', (select id from categories where tenant_id='00000000-0000-0000-0000-000000000002' and slug='arumi-shitsunai'), 'システム台車', 'システム台車', '{}'::jsonb, null, null, 14, true),
  ('00000000-0000-0000-0000-000000000002', (select id from categories where tenant_id='00000000-0000-0000-0000-000000000002' and slug='arumi-shitsunai'), 'ベランダブラケット', 'ベランダ用ブラケット', '{}'::jsonb, null, null, 15, true),
  ('00000000-0000-0000-0000-000000000002', (select id from categories where tenant_id='00000000-0000-0000-0000-000000000002' and slug='arumi-shitsunai'), 'ネットブラケット', 'ネット取付用ブラケット', '{}'::jsonb, null, null, 16, true),
  ('00000000-0000-0000-0000-000000000002', (select id from categories where tenant_id='00000000-0000-0000-0000-000000000002' and slug='katawaku-doboku'), 'バタ', '型枠締付用バタ材', '{}'::jsonb, null, null, 1, true),
  ('00000000-0000-0000-0000-000000000002', (select id from categories where tenant_id='00000000-0000-0000-0000-000000000002' and slug='katawaku-doboku'), 'OKマット', '型枠用マット', '{}'::jsonb, null, null, 2, true),
  ('00000000-0000-0000-0000-000000000002', (select id from categories where tenant_id='00000000-0000-0000-0000-000000000002' and slug='katawaku-doboku'), 'メッシュロード', '仮設道路用メッシュパネル', '{}'::jsonb, null, null, 3, true),
  ('00000000-0000-0000-0000-000000000002', (select id from categories where tenant_id='00000000-0000-0000-0000-000000000002' and slug='katawaku-doboku'), '法面ブラケット', '法面用ブラケット', '{}'::jsonb, null, null, 4, true),
  ('00000000-0000-0000-0000-000000000002', (select id from categories where tenant_id='00000000-0000-0000-0000-000000000002' and slug='katawaku-doboku'), 'アルウォーク', 'アルミ製歩行通路', '{}'::jsonb, null, null, 5, true),
  ('00000000-0000-0000-0000-000000000002', (select id from categories where tenant_id='00000000-0000-0000-0000-000000000002' and slug='katawaku-doboku'), 'マルチアングル工法', 'マルチアングル工法部材', '{}'::jsonb, null, null, 6, true),
  ('00000000-0000-0000-0000-000000000002', (select id from categories where tenant_id='00000000-0000-0000-0000-000000000002' and slug='shihokou'), 'OKサポート', '型枠支保工・OKサポートシステム', '{}'::jsonb, null, null, 1, true),
  ('00000000-0000-0000-0000-000000000002', (select id from categories where tenant_id='00000000-0000-0000-0000-000000000002' and slug='shihokou'), 'パイプサポート', 'パイプ式サポート', '{}'::jsonb, null, null, 2, true),
  ('00000000-0000-0000-0000-000000000002', (select id from categories where tenant_id='00000000-0000-0000-0000-000000000002' and slug='shihokou'), '強力サポート', '高耐荷重サポート', '{}'::jsonb, null, null, 3, true),
  ('00000000-0000-0000-0000-000000000002', (select id from categories where tenant_id='00000000-0000-0000-0000-000000000002' and slug='shihokou'), '四角支柱', '四角支柱システム', '{}'::jsonb, null, null, 4, true),
  ('00000000-0000-0000-0000-000000000002', (select id from categories where tenant_id='00000000-0000-0000-0000-000000000002' and slug='shihokou'), 'ペコビーム', '支保梁ペコビーム', '{}'::jsonb, null, null, 5, true),
  ('00000000-0000-0000-0000-000000000002', (select id from categories where tenant_id='00000000-0000-0000-0000-000000000002' and slug='kasetsu-bihin'), '仮設ハウス', '現場事務所用プレハブ', '{}'::jsonb, null, null, 1, true),
  ('00000000-0000-0000-0000-000000000002', (select id from categories where tenant_id='00000000-0000-0000-0000-000000000002' and slug='kasetsu-bihin'), '仮設トイレ', '仮設トイレユニット', '{}'::jsonb, null, null, 2, true),
  ('00000000-0000-0000-0000-000000000002', (select id from categories where tenant_id='00000000-0000-0000-0000-000000000002' and slug='kasetsu-bihin'), '備品', '現場用備品各種', '{}'::jsonb, null, null, 3, true);

-- images (sanshin)
insert into images (tenant_id, url) values
  ('00000000-0000-0000-0000-000000000002', '/images/catalog-pages/page_103.webp'),
  ('00000000-0000-0000-0000-000000000002', '/images/catalog-pages/page_104.webp'),
  ('00000000-0000-0000-0000-000000000002', '/images/catalog-pages/page_105.webp'),
  ('00000000-0000-0000-0000-000000000002', '/images/catalog-pages/page_106.webp'),
  ('00000000-0000-0000-0000-000000000002', '/images/catalog-pages/page_107.webp'),
  ('00000000-0000-0000-0000-000000000002', '/images/catalog-pages/page_108.webp'),
  ('00000000-0000-0000-0000-000000000002', '/images/catalog-pages/page_109.webp'),
  ('00000000-0000-0000-0000-000000000002', '/images/catalog-pages/page_110.webp'),
  ('00000000-0000-0000-0000-000000000002', '/images/catalog-pages/page_111.webp'),
  ('00000000-0000-0000-0000-000000000002', '/images/catalog-pages/page_112.webp'),
  ('00000000-0000-0000-0000-000000000002', '/images/catalog-pages/page_113.webp'),
  ('00000000-0000-0000-0000-000000000002', '/images/catalog-pages/page_115.webp'),
  ('00000000-0000-0000-0000-000000000002', '/images/catalog-pages/page_117.webp'),
  ('00000000-0000-0000-0000-000000000002', '/images/catalog-pages/page_118.webp'),
  ('00000000-0000-0000-0000-000000000002', '/images/catalog-pages/page_119.webp'),
  ('00000000-0000-0000-0000-000000000002', '/images/catalog-pages/page_120.webp'),
  ('00000000-0000-0000-0000-000000000002', '/images/catalog-pages/page_121.webp'),
  ('00000000-0000-0000-0000-000000000002', '/images/catalog-pages/page_122.webp'),
  ('00000000-0000-0000-0000-000000000002', '/images/catalog-pages/page_123.webp'),
  ('00000000-0000-0000-0000-000000000002', '/images/catalog-pages/page_124.webp'),
  ('00000000-0000-0000-0000-000000000002', '/images/catalog-pages/page_127.webp'),
  ('00000000-0000-0000-0000-000000000002', '/images/catalog-pages/page_128.webp'),
  ('00000000-0000-0000-0000-000000000002', '/images/catalog-pages/page_129.webp'),
  ('00000000-0000-0000-0000-000000000002', '/images/catalog-pages/page_131.webp'),
  ('00000000-0000-0000-0000-000000000002', '/images/catalog-pages/page_132.webp'),
  ('00000000-0000-0000-0000-000000000002', '/images/catalog-pages/page_133.webp'),
  ('00000000-0000-0000-0000-000000000002', '/images/catalog-pages/page_136.webp'),
  ('00000000-0000-0000-0000-000000000002', '/images/catalog-pages/page_146.webp'),
  ('00000000-0000-0000-0000-000000000002', '/images/catalog-pages/page_147.webp'),
  ('00000000-0000-0000-0000-000000000002', '/images/catalog-pages/page_149.webp'),
  ('00000000-0000-0000-0000-000000000002', '/images/catalog-pages/page_153.webp'),
  ('00000000-0000-0000-0000-000000000002', '/images/catalog-pages/page_154.webp'),
  ('00000000-0000-0000-0000-000000000002', '/images/catalog-pages/page_155.webp'),
  ('00000000-0000-0000-0000-000000000002', '/images/catalog-pages/page_156.webp'),
  ('00000000-0000-0000-0000-000000000002', '/images/catalog-pages/page_157.webp'),
  ('00000000-0000-0000-0000-000000000002', '/images/catalog-pages/page_158.webp'),
  ('00000000-0000-0000-0000-000000000002', '/images/catalog-pages/page_159.webp'),
  ('00000000-0000-0000-0000-000000000002', '/images/catalog-pages/page_160.webp'),
  ('00000000-0000-0000-0000-000000000002', '/images/catalog-pages/page_161.webp'),
  ('00000000-0000-0000-0000-000000000002', '/images/catalog-pages/page_162.webp'),
  ('00000000-0000-0000-0000-000000000002', '/images/catalog-pages/page_163.webp'),
  ('00000000-0000-0000-0000-000000000002', '/images/catalog-pages/page_165.webp'),
  ('00000000-0000-0000-0000-000000000002', '/images/catalog-pages/page_166.webp'),
  ('00000000-0000-0000-0000-000000000002', '/images/catalog-pages/page_167.webp'),
  ('00000000-0000-0000-0000-000000000002', '/images/catalog-pages/page_168.webp'),
  ('00000000-0000-0000-0000-000000000002', '/images/catalog-pages/page_169.webp'),
  ('00000000-0000-0000-0000-000000000002', '/images/catalog-pages/page_170.webp'),
  ('00000000-0000-0000-0000-000000000002', '/images/catalog-pages/page_171.webp'),
  ('00000000-0000-0000-0000-000000000002', '/images/catalog-pages/page_172.webp'),
  ('00000000-0000-0000-0000-000000000002', '/images/catalog-pages/page_173.webp'),
  ('00000000-0000-0000-0000-000000000002', '/images/catalog-pages/page_174.webp'),
  ('00000000-0000-0000-0000-000000000002', '/images/catalog-pages/page_175.webp'),
  ('00000000-0000-0000-0000-000000000002', '/images/catalog-pages/page_176.webp'),
  ('00000000-0000-0000-0000-000000000002', '/images/catalog-pages/page_177.webp'),
  ('00000000-0000-0000-0000-000000000002', '/images/catalog-pages/page_178.webp'),
  ('00000000-0000-0000-0000-000000000002', '/images/catalog-pages/page_179.webp'),
  ('00000000-0000-0000-0000-000000000002', '/images/catalog-pages/page_180.webp'),
  ('00000000-0000-0000-0000-000000000002', '/images/catalog-pages/page_181.webp'),
  ('00000000-0000-0000-0000-000000000002', '/images/catalog-pages/page_182.webp'),
  ('00000000-0000-0000-0000-000000000002', '/images/catalog-pages/page_183.webp'),
  ('00000000-0000-0000-0000-000000000002', '/images/catalog-pages/page_184.webp'),
  ('00000000-0000-0000-0000-000000000002', '/images/catalog-pages/page_185.webp'),
  ('00000000-0000-0000-0000-000000000002', '/images/catalog-pages/page_186.webp'),
  ('00000000-0000-0000-0000-000000000002', '/images/catalog-pages/page_187.webp'),
  ('00000000-0000-0000-0000-000000000002', '/images/catalog-pages/page_188.webp'),
  ('00000000-0000-0000-0000-000000000002', '/images/catalog-pages/page_189.webp'),
  ('00000000-0000-0000-0000-000000000002', '/images/catalog-pages/page_19.webp'),
  ('00000000-0000-0000-0000-000000000002', '/images/catalog-pages/page_190.webp'),
  ('00000000-0000-0000-0000-000000000002', '/images/catalog-pages/page_191.webp'),
  ('00000000-0000-0000-0000-000000000002', '/images/catalog-pages/page_192.webp'),
  ('00000000-0000-0000-0000-000000000002', '/images/catalog-pages/page_193.webp'),
  ('00000000-0000-0000-0000-000000000002', '/images/catalog-pages/page_194.webp'),
  ('00000000-0000-0000-0000-000000000002', '/images/catalog-pages/page_195.webp'),
  ('00000000-0000-0000-0000-000000000002', '/images/catalog-pages/page_196.webp'),
  ('00000000-0000-0000-0000-000000000002', '/images/catalog-pages/page_197.webp'),
  ('00000000-0000-0000-0000-000000000002', '/images/catalog-pages/page_198.webp'),
  ('00000000-0000-0000-0000-000000000002', '/images/catalog-pages/page_20.webp'),
  ('00000000-0000-0000-0000-000000000002', '/images/catalog-pages/page_201.webp'),
  ('00000000-0000-0000-0000-000000000002', '/images/catalog-pages/page_202.webp'),
  ('00000000-0000-0000-0000-000000000002', '/images/catalog-pages/page_203.webp'),
  ('00000000-0000-0000-0000-000000000002', '/images/catalog-pages/page_204.webp'),
  ('00000000-0000-0000-0000-000000000002', '/images/catalog-pages/page_205.webp'),
  ('00000000-0000-0000-0000-000000000002', '/images/catalog-pages/page_206.webp'),
  ('00000000-0000-0000-0000-000000000002', '/images/catalog-pages/page_207.webp'),
  ('00000000-0000-0000-0000-000000000002', '/images/catalog-pages/page_21.webp'),
  ('00000000-0000-0000-0000-000000000002', '/images/catalog-pages/page_22.webp'),
  ('00000000-0000-0000-0000-000000000002', '/images/catalog-pages/page_23.webp'),
  ('00000000-0000-0000-0000-000000000002', '/images/catalog-pages/page_24.webp'),
  ('00000000-0000-0000-0000-000000000002', '/images/catalog-pages/page_25.webp'),
  ('00000000-0000-0000-0000-000000000002', '/images/catalog-pages/page_27.webp'),
  ('00000000-0000-0000-0000-000000000002', '/images/catalog-pages/page_29.webp'),
  ('00000000-0000-0000-0000-000000000002', '/images/catalog-pages/page_30.webp'),
  ('00000000-0000-0000-0000-000000000002', '/images/catalog-pages/page_31.webp'),
  ('00000000-0000-0000-0000-000000000002', '/images/catalog-pages/page_32.webp'),
  ('00000000-0000-0000-0000-000000000002', '/images/catalog-pages/page_33.webp'),
  ('00000000-0000-0000-0000-000000000002', '/images/catalog-pages/page_39.webp'),
  ('00000000-0000-0000-0000-000000000002', '/images/catalog-pages/page_40.webp'),
  ('00000000-0000-0000-0000-000000000002', '/images/catalog-pages/page_41.webp'),
  ('00000000-0000-0000-0000-000000000002', '/images/catalog-pages/page_42.webp'),
  ('00000000-0000-0000-0000-000000000002', '/images/catalog-pages/page_44.webp'),
  ('00000000-0000-0000-0000-000000000002', '/images/catalog-pages/page_45.webp'),
  ('00000000-0000-0000-0000-000000000002', '/images/catalog-pages/page_46.webp'),
  ('00000000-0000-0000-0000-000000000002', '/images/catalog-pages/page_47.webp'),
  ('00000000-0000-0000-0000-000000000002', '/images/catalog-pages/page_48.webp'),
  ('00000000-0000-0000-0000-000000000002', '/images/catalog-pages/page_49.webp'),
  ('00000000-0000-0000-0000-000000000002', '/images/catalog-pages/page_50.webp'),
  ('00000000-0000-0000-0000-000000000002', '/images/catalog-pages/page_54.webp'),
  ('00000000-0000-0000-0000-000000000002', '/images/catalog-pages/page_55.webp'),
  ('00000000-0000-0000-0000-000000000002', '/images/catalog-pages/page_56.webp'),
  ('00000000-0000-0000-0000-000000000002', '/images/catalog-pages/page_57.webp'),
  ('00000000-0000-0000-0000-000000000002', '/images/catalog-pages/page_58.webp'),
  ('00000000-0000-0000-0000-000000000002', '/images/catalog-pages/page_59.webp'),
  ('00000000-0000-0000-0000-000000000002', '/images/catalog-pages/page_63.webp'),
  ('00000000-0000-0000-0000-000000000002', '/images/catalog-pages/page_64.webp'),
  ('00000000-0000-0000-0000-000000000002', '/images/catalog-pages/page_65.webp'),
  ('00000000-0000-0000-0000-000000000002', '/images/catalog-pages/page_66.webp'),
  ('00000000-0000-0000-0000-000000000002', '/images/catalog-pages/page_67.webp'),
  ('00000000-0000-0000-0000-000000000002', '/images/catalog-pages/page_73.webp'),
  ('00000000-0000-0000-0000-000000000002', '/images/catalog-pages/page_74.webp'),
  ('00000000-0000-0000-0000-000000000002', '/images/catalog-pages/page_75.webp'),
  ('00000000-0000-0000-0000-000000000002', '/images/catalog-pages/page_76.webp'),
  ('00000000-0000-0000-0000-000000000002', '/images/catalog-pages/page_77.webp'),
  ('00000000-0000-0000-0000-000000000002', '/images/catalog-pages/page_78.webp'),
  ('00000000-0000-0000-0000-000000000002', '/images/catalog-pages/page_79.webp'),
  ('00000000-0000-0000-0000-000000000002', '/images/catalog-pages/page_80.webp'),
  ('00000000-0000-0000-0000-000000000002', '/images/catalog-pages/page_83.webp'),
  ('00000000-0000-0000-0000-000000000002', '/images/catalog-pages/page_84.webp'),
  ('00000000-0000-0000-0000-000000000002', '/images/catalog-pages/page_85.webp'),
  ('00000000-0000-0000-0000-000000000002', '/images/catalog-pages/page_86.webp'),
  ('00000000-0000-0000-0000-000000000002', '/images/catalog-pages/page_87.webp'),
  ('00000000-0000-0000-0000-000000000002', '/images/catalog-pages/page_88.webp'),
  ('00000000-0000-0000-0000-000000000002', '/images/catalog-pages/page_92.webp'),
  ('00000000-0000-0000-0000-000000000002', '/images/catalog-pages/page_93.webp'),
  ('00000000-0000-0000-0000-000000000002', '/images/materials/0450.jpg'),
  ('00000000-0000-0000-0000-000000000002', '/images/materials/0453.jpg'),
  ('00000000-0000-0000-0000-000000000002', '/images/materials/ch_2.jpg'),
  ('00000000-0000-0000-0000-000000000002', '/images/materials/kn5_img.webp'),
  ('00000000-0000-0000-0000-000000000002', '/images/materials/kn6_img.webp'),
  ('00000000-0000-0000-0000-000000000002', '/images/materials/kn9_img.webp'),
  ('00000000-0000-0000-0000-000000000002', '/images/materials/ksp72.jpg');

-- material_images (sanshin)
insert into material_images (material_id, image_id, sort_order, is_primary)
select m.id, i.id, v.sort_order, v.is_primary
from (values
  ('ガルバ鋼板', 'karigakoi', '/images/catalog-pages/page_19.webp', 0, true),
  ('ガルバ鋼板', 'karigakoi', '/images/catalog-pages/page_20.webp', 1, false),
  ('環境フェンス', 'karigakoi', '/images/catalog-pages/page_21.webp', 0, true),
  ('環境フェンス', 'karigakoi', '/images/catalog-pages/page_22.webp', 1, false),
  ('クロスゲート', 'karigakoi', '/images/catalog-pages/page_23.webp', 0, true),
  ('フロアゲート', 'karigakoi', '/images/catalog-pages/page_23.webp', 0, true),
  ('潜り戸', 'karigakoi', '/images/catalog-pages/page_23.webp', 0, true),
  ('パネルゲート', 'karigakoi', '/images/catalog-pages/page_24.webp', 0, true),
  ('パネルゲート', 'karigakoi', '/images/catalog-pages/page_25.webp', 1, false),
  ('カラーコーン', 'hoan-kizai', '/images/catalog-pages/page_27.webp', 0, true),
  ('コーンベッド', 'hoan-kizai', '/images/catalog-pages/page_27.webp', 0, true),
  ('コーンバー', 'hoan-kizai', '/images/catalog-pages/page_27.webp', 0, true),
  ('単管バリケード', 'hoan-kizai', '/images/catalog-pages/page_27.webp', 0, true),
  ('進入防止ドア', 'hoan-kizai', '/images/catalog-pages/page_27.webp', 0, true),
  ('アイキューシステム', 'iq-system', '/images/materials/kn9_img.webp', 0, true),
  ('アイキューシステム', 'iq-system', '/images/catalog-pages/page_29.webp', 1, false),
  ('アイキューシステム', 'iq-system', '/images/catalog-pages/page_30.webp', 2, false),
  ('アイキューシステム', 'iq-system', '/images/catalog-pages/page_31.webp', 3, false),
  ('アイキューシステム', 'iq-system', '/images/catalog-pages/page_32.webp', 4, false),
  ('アイキューシステム', 'iq-system', '/images/catalog-pages/page_33.webp', 5, false),
  ('建枠', 'wakugumi-ashiba', '/images/catalog-pages/page_39.webp', 0, true),
  ('建枠', 'wakugumi-ashiba', '/images/catalog-pages/page_40.webp', 1, false),
  ('調整枠', 'wakugumi-ashiba', '/images/catalog-pages/page_41.webp', 0, true),
  ('拡げ枠', 'wakugumi-ashiba', '/images/catalog-pages/page_42.webp', 0, true),
  ('梯子枠', 'wakugumi-ashiba', '/images/catalog-pages/page_42.webp', 0, true),
  ('連結ピン', 'wakugumi-ashiba', '/images/catalog-pages/page_44.webp', 0, true),
  ('布板', 'wakugumi-ashiba', '/images/catalog-pages/page_44.webp', 0, true),
  ('コーナー板', 'wakugumi-ashiba', '/images/catalog-pages/page_45.webp', 0, true),
  ('スジカイ', 'wakugumi-ashiba', '/images/catalog-pages/page_46.webp', 0, true),
  ('階段', 'wakugumi-ashiba', '/images/catalog-pages/page_47.webp', 0, true),
  ('手摺り', 'wakugumi-ashiba', '/images/catalog-pages/page_47.webp', 0, true),
  ('手摺り', 'wakugumi-ashiba', '/images/catalog-pages/page_48.webp', 1, false),
  ('ジャッキベース', 'wakugumi-ashiba', '/images/catalog-pages/page_49.webp', 0, true),
  ('壁つなぎ', 'wakugumi-ashiba', '/images/catalog-pages/page_50.webp', 0, true),
  ('ローリングタワー', 'wakugumi-ashiba', '/images/catalog-pages/page_54.webp', 0, true),
  ('ローリングタワー', 'wakugumi-ashiba', '/images/catalog-pages/page_55.webp', 1, false),
  ('ローリングタワー', 'wakugumi-ashiba', '/images/catalog-pages/page_56.webp', 2, false),
  ('ローリングタワー', 'wakugumi-ashiba', '/images/catalog-pages/page_57.webp', 3, false),
  ('H鋼ブラケット', 'wakugumi-ashiba', '/images/catalog-pages/page_58.webp', 0, true),
  ('幅木（セフトバンパー）', 'wakugumi-ashiba', '/images/catalog-pages/page_59.webp', 0, true),
  ('防炎メッシュ', 'wakugumi-ashiba', '/images/catalog-pages/page_63.webp', 0, true),
  ('防炎メッシュ', 'wakugumi-ashiba', '/images/catalog-pages/page_64.webp', 1, false),
  ('防音シート', 'wakugumi-ashiba', '/images/catalog-pages/page_65.webp', 0, true),
  ('防音パネル', 'wakugumi-ashiba', '/images/catalog-pages/page_66.webp', 0, true),
  ('防音パネル', 'wakugumi-ashiba', '/images/catalog-pages/page_67.webp', 1, false),
  ('リフトクライマー', 'shoukou-ashiba', '/images/materials/kn6_img.webp', 0, true),
  ('リフトクライマー', 'shoukou-ashiba', '/images/catalog-pages/page_73.webp', 1, false),
  ('リフトクライマー', 'shoukou-ashiba', '/images/catalog-pages/page_74.webp', 2, false),
  ('リフトクライマー', 'shoukou-ashiba', '/images/catalog-pages/page_75.webp', 3, false),
  ('リフトクライマー', 'shoukou-ashiba', '/images/catalog-pages/page_76.webp', 4, false),
  ('工事用エレベーター', 'shoukou-ashiba', '/images/catalog-pages/page_77.webp', 0, true),
  ('工事用エレベーター', 'shoukou-ashiba', '/images/catalog-pages/page_78.webp', 1, false),
  ('工事用エレベーター', 'shoukou-ashiba', '/images/catalog-pages/page_79.webp', 2, false),
  ('工事用エレベーター', 'shoukou-ashiba', '/images/catalog-pages/page_80.webp', 3, false),
  ('パイプ', 'tankan-ashiba', '/images/catalog-pages/page_83.webp', 0, true),
  ('パイプ', 'tankan-ashiba', '/images/catalog-pages/page_84.webp', 1, false),
  ('クランプ', 'tankan-ashiba', '/images/catalog-pages/page_85.webp', 0, true),
  ('クランプ', 'tankan-ashiba', '/images/catalog-pages/page_86.webp', 1, false),
  ('クランプ', 'tankan-ashiba', '/images/catalog-pages/page_87.webp', 2, false),
  ('足場板', 'tankan-ashiba', '/images/catalog-pages/page_88.webp', 0, true),
  ('プラワンシリーズ', 'tankan-ashiba', '/images/catalog-pages/page_92.webp', 0, true),
  ('プラワンシリーズ', 'tankan-ashiba', '/images/catalog-pages/page_93.webp', 1, false),
  ('クイックデッキ', 'tsuri-ashiba', '/images/materials/ch_2.jpg', 0, true),
  ('クイックデッキ', 'tsuri-ashiba', '/images/catalog-pages/page_103.webp', 1, false),
  ('クイックデッキ', 'tsuri-ashiba', '/images/catalog-pages/page_104.webp', 2, false),
  ('クイックデッキ', 'tsuri-ashiba', '/images/catalog-pages/page_105.webp', 3, false),
  ('クイックデッキ', 'tsuri-ashiba', '/images/catalog-pages/page_106.webp', 4, false),
  ('クイックデッキ', 'tsuri-ashiba', '/images/catalog-pages/page_107.webp', 5, false),
  ('クイックデッキ', 'tsuri-ashiba', '/images/catalog-pages/page_108.webp', 6, false),
  ('セーフティSKパネル', 'tsuri-ashiba', '/images/materials/kn5_img.webp', 0, true),
  ('セーフティSKパネル', 'tsuri-ashiba', '/images/catalog-pages/page_109.webp', 1, false),
  ('セーフティSKパネル', 'tsuri-ashiba', '/images/catalog-pages/page_110.webp', 2, false),
  ('セーフティSKパネル', 'tsuri-ashiba', '/images/catalog-pages/page_111.webp', 3, false),
  ('セーフティSKパネル', 'tsuri-ashiba', '/images/catalog-pages/page_112.webp', 4, false),
  ('セーフティSKパネル', 'tsuri-ashiba', '/images/catalog-pages/page_113.webp', 5, false),
  ('親綱支柱', 'tekkotsu-ashiba', '/images/catalog-pages/page_115.webp', 0, true),
  ('親綱', 'tekkotsu-ashiba', '/images/catalog-pages/page_115.webp', 0, true),
  ('緊張器', 'tekkotsu-ashiba', '/images/catalog-pages/page_115.webp', 0, true),
  ('リリーフポスト', 'tekkotsu-ashiba', '/images/catalog-pages/page_117.webp', 0, true),
  ('リリーフポスト', 'tekkotsu-ashiba', '/images/catalog-pages/page_118.webp', 1, false),
  ('ラッセルネット', 'tekkotsu-ashiba', '/images/catalog-pages/page_119.webp', 0, true),
  ('グリーンネット', 'tekkotsu-ashiba', '/images/catalog-pages/page_120.webp', 0, true),
  ('スタンション', 'tekkotsu-ashiba', '/images/catalog-pages/page_121.webp', 0, true),
  ('スタンション', 'tekkotsu-ashiba', '/images/catalog-pages/page_122.webp', 1, false),
  ('安全ブロック', 'tekkotsu-ashiba', '/images/catalog-pages/page_123.webp', 0, true),
  ('ロックマン', 'tekkotsu-ashiba', '/images/catalog-pages/page_124.webp', 0, true),
  ('マキシムベース', 'arumi-shitsunai', '/images/catalog-pages/page_127.webp', 0, true),
  ('ステップキューブ', 'arumi-shitsunai', '/images/catalog-pages/page_128.webp', 0, true),
  ('アルミはしご', 'arumi-shitsunai', '/images/catalog-pages/page_129.webp', 0, true),
  ('天井点検口はしご', 'arumi-shitsunai', '/images/catalog-pages/page_129.webp', 0, true),
  ('アルミ脚立', 'arumi-shitsunai', '/images/catalog-pages/page_131.webp', 0, true),
  ('コンステップ', 'arumi-shitsunai', '/images/catalog-pages/page_131.webp', 0, true),
  ('コンスタワー', 'arumi-shitsunai', '/images/catalog-pages/page_132.webp', 0, true),
  ('ライトステップ', 'arumi-shitsunai', '/images/catalog-pages/page_132.webp', 0, true),
  ('トラッキング', 'arumi-shitsunai', '/images/catalog-pages/page_133.webp', 0, true),
  ('簡易棚', 'arumi-shitsunai', '/images/catalog-pages/page_136.webp', 0, true),
  ('1t台車', 'arumi-shitsunai', '/images/catalog-pages/page_146.webp', 0, true),
  ('アルミ製六輪・四輪台車', 'arumi-shitsunai', '/images/catalog-pages/page_146.webp', 0, true),
  ('多目的台車', 'arumi-shitsunai', '/images/catalog-pages/page_147.webp', 0, true),
  ('システム台車', 'arumi-shitsunai', '/images/catalog-pages/page_147.webp', 0, true),
  ('ベランダブラケット', 'arumi-shitsunai', '/images/catalog-pages/page_149.webp', 0, true),
  ('ネットブラケット', 'arumi-shitsunai', '/images/catalog-pages/page_149.webp', 0, true),
  ('バタ', 'katawaku-doboku', '/images/catalog-pages/page_153.webp', 0, true),
  ('OKマット', 'katawaku-doboku', '/images/catalog-pages/page_153.webp', 0, true),
  ('メッシュロード', 'katawaku-doboku', '/images/catalog-pages/page_154.webp', 0, true),
  ('法面ブラケット', 'katawaku-doboku', '/images/catalog-pages/page_155.webp', 0, true),
  ('アルウォーク', 'katawaku-doboku', '/images/catalog-pages/page_155.webp', 0, true),
  ('マルチアングル工法', 'katawaku-doboku', '/images/catalog-pages/page_156.webp', 0, true),
  ('マルチアングル工法', 'katawaku-doboku', '/images/catalog-pages/page_157.webp', 1, false),
  ('マルチアングル工法', 'katawaku-doboku', '/images/catalog-pages/page_158.webp', 2, false),
  ('マルチアングル工法', 'katawaku-doboku', '/images/catalog-pages/page_159.webp', 3, false),
  ('マルチアングル工法', 'katawaku-doboku', '/images/catalog-pages/page_160.webp', 4, false),
  ('マルチアングル工法', 'katawaku-doboku', '/images/catalog-pages/page_161.webp', 5, false),
  ('マルチアングル工法', 'katawaku-doboku', '/images/catalog-pages/page_162.webp', 6, false),
  ('マルチアングル工法', 'katawaku-doboku', '/images/catalog-pages/page_163.webp', 7, false),
  ('OKサポート', 'shihokou', '/images/catalog-pages/page_165.webp', 0, true),
  ('OKサポート', 'shihokou', '/images/catalog-pages/page_166.webp', 1, false),
  ('OKサポート', 'shihokou', '/images/catalog-pages/page_167.webp', 2, false),
  ('OKサポート', 'shihokou', '/images/catalog-pages/page_168.webp', 3, false),
  ('OKサポート', 'shihokou', '/images/catalog-pages/page_169.webp', 4, false),
  ('OKサポート', 'shihokou', '/images/catalog-pages/page_170.webp', 5, false),
  ('OKサポート', 'shihokou', '/images/catalog-pages/page_171.webp', 6, false),
  ('OKサポート', 'shihokou', '/images/catalog-pages/page_172.webp', 7, false),
  ('OKサポート', 'shihokou', '/images/catalog-pages/page_173.webp', 8, false),
  ('OKサポート', 'shihokou', '/images/catalog-pages/page_174.webp', 9, false),
  ('OKサポート', 'shihokou', '/images/catalog-pages/page_175.webp', 10, false),
  ('OKサポート', 'shihokou', '/images/catalog-pages/page_176.webp', 11, false),
  ('OKサポート', 'shihokou', '/images/catalog-pages/page_177.webp', 12, false),
  ('OKサポート', 'shihokou', '/images/catalog-pages/page_178.webp', 13, false),
  ('OKサポート', 'shihokou', '/images/catalog-pages/page_179.webp', 14, false),
  ('OKサポート', 'shihokou', '/images/catalog-pages/page_180.webp', 15, false),
  ('OKサポート', 'shihokou', '/images/catalog-pages/page_181.webp', 16, false),
  ('パイプサポート', 'shihokou', '/images/catalog-pages/page_182.webp', 0, true),
  ('パイプサポート', 'shihokou', '/images/catalog-pages/page_183.webp', 1, false),
  ('パイプサポート', 'shihokou', '/images/catalog-pages/page_184.webp', 2, false),
  ('パイプサポート', 'shihokou', '/images/catalog-pages/page_185.webp', 3, false),
  ('パイプサポート', 'shihokou', '/images/catalog-pages/page_186.webp', 4, false),
  ('強力サポート', 'shihokou', '/images/catalog-pages/page_187.webp', 0, true),
  ('強力サポート', 'shihokou', '/images/catalog-pages/page_188.webp', 1, false),
  ('強力サポート', 'shihokou', '/images/catalog-pages/page_189.webp', 2, false),
  ('四角支柱', 'shihokou', '/images/catalog-pages/page_190.webp', 0, true),
  ('四角支柱', 'shihokou', '/images/catalog-pages/page_191.webp', 1, false),
  ('四角支柱', 'shihokou', '/images/catalog-pages/page_192.webp', 2, false),
  ('四角支柱', 'shihokou', '/images/catalog-pages/page_193.webp', 3, false),
  ('四角支柱', 'shihokou', '/images/catalog-pages/page_194.webp', 4, false),
  ('四角支柱', 'shihokou', '/images/catalog-pages/page_195.webp', 5, false),
  ('ペコビーム', 'shihokou', '/images/catalog-pages/page_196.webp', 0, true),
  ('ペコビーム', 'shihokou', '/images/catalog-pages/page_197.webp', 1, false),
  ('ペコビーム', 'shihokou', '/images/catalog-pages/page_198.webp', 2, false),
  ('仮設ハウス', 'kasetsu-bihin', '/images/materials/ksp72.jpg', 0, true),
  ('仮設ハウス', 'kasetsu-bihin', '/images/catalog-pages/page_201.webp', 1, false),
  ('仮設ハウス', 'kasetsu-bihin', '/images/catalog-pages/page_202.webp', 2, false),
  ('仮設トイレ', 'kasetsu-bihin', '/images/materials/0453.jpg', 0, true),
  ('仮設トイレ', 'kasetsu-bihin', '/images/catalog-pages/page_203.webp', 1, false),
  ('仮設トイレ', 'kasetsu-bihin', '/images/catalog-pages/page_204.webp', 2, false),
  ('備品', 'kasetsu-bihin', '/images/materials/0450.jpg', 0, true),
  ('備品', 'kasetsu-bihin', '/images/catalog-pages/page_205.webp', 1, false),
  ('備品', 'kasetsu-bihin', '/images/catalog-pages/page_206.webp', 2, false),
  ('備品', 'kasetsu-bihin', '/images/catalog-pages/page_207.webp', 3, false)
) as v(material_name, category_slug, image_url, sort_order, is_primary)
join categories c on c.tenant_id='00000000-0000-0000-0000-000000000002' and c.slug = v.category_slug
join materials m on m.tenant_id='00000000-0000-0000-0000-000000000002' and m.category_id = c.id and m.name = v.material_name
join images i on i.tenant_id='00000000-0000-0000-0000-000000000002' and i.url = v.image_url;

