-- ============================================================
-- Demo seed data (auto-generated by scripts/generate-seed.ts)
-- Loaded by `supabase db reset` for local/demo environments only.
-- NOT applied to production via `supabase db push`.
-- ============================================================

-- tenants
insert into tenants (id, name, slug) values
  ('00000000-0000-0000-0000-000000000001', 'Union', 'union'),
  ('00000000-0000-0000-0000-000000000002', '三信産業', 'sanshin');

-- admin_users (allowlist for /admin sign-in)
insert into admin_users (tenant_id, email) values
  ('00000000-0000-0000-0000-000000000001', 'admin@kensetsu-tech.com');

-- customers (テスト借り主アカウント。パスワードは全員 'demo1234')
insert into customers (tenant_id, company_id, name, password_hash, phone, default_address, contact_email, must_change_password) values
  ('00000000-0000-0000-0000-000000000002', 'C-DEMO-001', 'デモ建設株式会社', '$2a$10$bkHRnvlbdCefWOXHshDVauD.zA5s9KvEM54Mo8/YhgB17v7MvhU.i', '097-000-0001', '大分県大分市新貝6番7号', 'demo@example.com', false);

-- ==================== tenant: union ====================

-- offices (union)
insert into offices (tenant_id, name, area, address, phone, fax, sort_order, is_active) values
  ('00000000-0000-0000-0000-000000000001', '本社', null, null, null, null, 1, true),
  ('00000000-0000-0000-0000-000000000001', '営業所A', null, null, null, null, 2, true),
  ('00000000-0000-0000-0000-000000000001', '営業所B', null, null, null, null, 3, true);

-- categories (union)
insert into categories (tenant_id, name, slug, image_url, sort_order) values
  ('00000000-0000-0000-0000-000000000001', 'カテゴリA', 'cat-a', null, 1),
  ('00000000-0000-0000-0000-000000000001', 'カテゴリB', 'cat-b', null, 2),
  ('00000000-0000-0000-0000-000000000001', 'カテゴリC', 'cat-c', null, 3),
  ('00000000-0000-0000-0000-000000000001', 'カテゴリD', 'cat-d', null, 4),
  ('00000000-0000-0000-0000-000000000001', 'カテゴリE', 'cat-e', null, 5),
  ('00000000-0000-0000-0000-000000000001', 'カテゴリF', 'cat-f', null, 6),
  ('00000000-0000-0000-0000-000000000001', 'カテゴリG', 'cat-g', null, 7),
  ('00000000-0000-0000-0000-000000000001', 'カテゴリH', 'cat-h', null, 8),
  ('00000000-0000-0000-0000-000000000001', 'カテゴリI', 'cat-i', null, 9),
  ('00000000-0000-0000-0000-000000000001', 'カテゴリJ', 'cat-j', null, 10),
  ('00000000-0000-0000-0000-000000000001', 'カテゴリK', 'cat-k', null, 11),
  ('00000000-0000-0000-0000-000000000001', 'カテゴリL', 'cat-l', null, 12);

-- materials (union)
insert into materials (tenant_id, category_id, name, slug, description, spec, sort_order, is_active) values
  ('00000000-0000-0000-0000-000000000001', (select id from categories where tenant_id='00000000-0000-0000-0000-000000000001' and slug='cat-a'), '資材A-1', 'mat-a-1', null, '{}'::jsonb, 1, true),
  ('00000000-0000-0000-0000-000000000001', (select id from categories where tenant_id='00000000-0000-0000-0000-000000000001' and slug='cat-a'), '資材A-2', 'mat-a-2', null, '{}'::jsonb, 2, true),
  ('00000000-0000-0000-0000-000000000001', (select id from categories where tenant_id='00000000-0000-0000-0000-000000000001' and slug='cat-a'), '資材A-3', 'mat-a-3', null, '{}'::jsonb, 3, true),
  ('00000000-0000-0000-0000-000000000001', (select id from categories where tenant_id='00000000-0000-0000-0000-000000000001' and slug='cat-a'), '資材A-4', 'mat-a-4', null, '{}'::jsonb, 4, true),
  ('00000000-0000-0000-0000-000000000001', (select id from categories where tenant_id='00000000-0000-0000-0000-000000000001' and slug='cat-a'), '資材A-5', 'mat-a-5', null, '{}'::jsonb, 5, true),
  ('00000000-0000-0000-0000-000000000001', (select id from categories where tenant_id='00000000-0000-0000-0000-000000000001' and slug='cat-a'), '資材A-6', 'mat-a-6', null, '{}'::jsonb, 6, true),
  ('00000000-0000-0000-0000-000000000001', (select id from categories where tenant_id='00000000-0000-0000-0000-000000000001' and slug='cat-b'), '資材B-1', 'mat-b-1', null, '{}'::jsonb, 1, true),
  ('00000000-0000-0000-0000-000000000001', (select id from categories where tenant_id='00000000-0000-0000-0000-000000000001' and slug='cat-b'), '資材B-2', 'mat-b-2', null, '{}'::jsonb, 2, true),
  ('00000000-0000-0000-0000-000000000001', (select id from categories where tenant_id='00000000-0000-0000-0000-000000000001' and slug='cat-b'), '資材B-3', 'mat-b-3', null, '{}'::jsonb, 3, true),
  ('00000000-0000-0000-0000-000000000001', (select id from categories where tenant_id='00000000-0000-0000-0000-000000000001' and slug='cat-b'), '資材B-4', 'mat-b-4', null, '{}'::jsonb, 4, true),
  ('00000000-0000-0000-0000-000000000001', (select id from categories where tenant_id='00000000-0000-0000-0000-000000000001' and slug='cat-b'), '資材B-5', 'mat-b-5', null, '{}'::jsonb, 5, true),
  ('00000000-0000-0000-0000-000000000001', (select id from categories where tenant_id='00000000-0000-0000-0000-000000000001' and slug='cat-c'), '資材C-1', 'mat-c-1', null, '{}'::jsonb, 1, true),
  ('00000000-0000-0000-0000-000000000001', (select id from categories where tenant_id='00000000-0000-0000-0000-000000000001' and slug='cat-d'), '資材D-1', 'mat-d-1', null, '{}'::jsonb, 1, true),
  ('00000000-0000-0000-0000-000000000001', (select id from categories where tenant_id='00000000-0000-0000-0000-000000000001' and slug='cat-d'), '資材D-2', 'mat-d-2', null, '{}'::jsonb, 2, true),
  ('00000000-0000-0000-0000-000000000001', (select id from categories where tenant_id='00000000-0000-0000-0000-000000000001' and slug='cat-d'), '資材D-3', 'mat-d-3', null, '{}'::jsonb, 3, true),
  ('00000000-0000-0000-0000-000000000001', (select id from categories where tenant_id='00000000-0000-0000-0000-000000000001' and slug='cat-d'), '資材D-4', 'mat-d-4', null, '{}'::jsonb, 4, true),
  ('00000000-0000-0000-0000-000000000001', (select id from categories where tenant_id='00000000-0000-0000-0000-000000000001' and slug='cat-d'), '資材D-5', 'mat-d-5', null, '{}'::jsonb, 5, true),
  ('00000000-0000-0000-0000-000000000001', (select id from categories where tenant_id='00000000-0000-0000-0000-000000000001' and slug='cat-d'), '資材D-6', 'mat-d-6', null, '{}'::jsonb, 6, true),
  ('00000000-0000-0000-0000-000000000001', (select id from categories where tenant_id='00000000-0000-0000-0000-000000000001' and slug='cat-d'), '資材D-7', 'mat-d-7', null, '{}'::jsonb, 7, true),
  ('00000000-0000-0000-0000-000000000001', (select id from categories where tenant_id='00000000-0000-0000-0000-000000000001' and slug='cat-d'), '資材D-8', 'mat-d-8', null, '{}'::jsonb, 8, true),
  ('00000000-0000-0000-0000-000000000001', (select id from categories where tenant_id='00000000-0000-0000-0000-000000000001' and slug='cat-d'), '資材D-9', 'mat-d-9', null, '{}'::jsonb, 9, true),
  ('00000000-0000-0000-0000-000000000001', (select id from categories where tenant_id='00000000-0000-0000-0000-000000000001' and slug='cat-d'), '資材D-10', 'mat-d-10', null, '{}'::jsonb, 10, true),
  ('00000000-0000-0000-0000-000000000001', (select id from categories where tenant_id='00000000-0000-0000-0000-000000000001' and slug='cat-d'), '資材D-11', 'mat-d-11', null, '{}'::jsonb, 11, true),
  ('00000000-0000-0000-0000-000000000001', (select id from categories where tenant_id='00000000-0000-0000-0000-000000000001' and slug='cat-d'), '資材D-12', 'mat-d-12', null, '{}'::jsonb, 12, true),
  ('00000000-0000-0000-0000-000000000001', (select id from categories where tenant_id='00000000-0000-0000-0000-000000000001' and slug='cat-d'), '資材D-13', 'mat-d-13', null, '{}'::jsonb, 13, true),
  ('00000000-0000-0000-0000-000000000001', (select id from categories where tenant_id='00000000-0000-0000-0000-000000000001' and slug='cat-d'), '資材D-14', 'mat-d-14', null, '{}'::jsonb, 14, true),
  ('00000000-0000-0000-0000-000000000001', (select id from categories where tenant_id='00000000-0000-0000-0000-000000000001' and slug='cat-d'), '資材D-15', 'mat-d-15', null, '{}'::jsonb, 15, true),
  ('00000000-0000-0000-0000-000000000001', (select id from categories where tenant_id='00000000-0000-0000-0000-000000000001' and slug='cat-d'), '資材D-16', 'mat-d-16', null, '{}'::jsonb, 16, true),
  ('00000000-0000-0000-0000-000000000001', (select id from categories where tenant_id='00000000-0000-0000-0000-000000000001' and slug='cat-d'), '資材D-17', 'mat-d-17', null, '{}'::jsonb, 17, true),
  ('00000000-0000-0000-0000-000000000001', (select id from categories where tenant_id='00000000-0000-0000-0000-000000000001' and slug='cat-d'), '資材D-18', 'mat-d-18', null, '{}'::jsonb, 18, true),
  ('00000000-0000-0000-0000-000000000001', (select id from categories where tenant_id='00000000-0000-0000-0000-000000000001' and slug='cat-e'), '資材E-1', 'mat-e-1', null, '{}'::jsonb, 1, true),
  ('00000000-0000-0000-0000-000000000001', (select id from categories where tenant_id='00000000-0000-0000-0000-000000000001' and slug='cat-e'), '資材E-2', 'mat-e-2', null, '{}'::jsonb, 2, true),
  ('00000000-0000-0000-0000-000000000001', (select id from categories where tenant_id='00000000-0000-0000-0000-000000000001' and slug='cat-f'), '資材F-1', 'mat-f-1', null, '{}'::jsonb, 1, true),
  ('00000000-0000-0000-0000-000000000001', (select id from categories where tenant_id='00000000-0000-0000-0000-000000000001' and slug='cat-f'), '資材F-2', 'mat-f-2', null, '{}'::jsonb, 2, true),
  ('00000000-0000-0000-0000-000000000001', (select id from categories where tenant_id='00000000-0000-0000-0000-000000000001' and slug='cat-f'), '資材F-3', 'mat-f-3', null, '{}'::jsonb, 3, true),
  ('00000000-0000-0000-0000-000000000001', (select id from categories where tenant_id='00000000-0000-0000-0000-000000000001' and slug='cat-f'), '資材F-4', 'mat-f-4', null, '{}'::jsonb, 4, true),
  ('00000000-0000-0000-0000-000000000001', (select id from categories where tenant_id='00000000-0000-0000-0000-000000000001' and slug='cat-g'), '資材G-1', 'mat-g-1', null, '{}'::jsonb, 1, true),
  ('00000000-0000-0000-0000-000000000001', (select id from categories where tenant_id='00000000-0000-0000-0000-000000000001' and slug='cat-g'), '資材G-2', 'mat-g-2', null, '{}'::jsonb, 2, true),
  ('00000000-0000-0000-0000-000000000001', (select id from categories where tenant_id='00000000-0000-0000-0000-000000000001' and slug='cat-h'), '資材H-1', 'mat-h-1', null, '{}'::jsonb, 1, true),
  ('00000000-0000-0000-0000-000000000001', (select id from categories where tenant_id='00000000-0000-0000-0000-000000000001' and slug='cat-h'), '資材H-2', 'mat-h-2', null, '{}'::jsonb, 2, true),
  ('00000000-0000-0000-0000-000000000001', (select id from categories where tenant_id='00000000-0000-0000-0000-000000000001' and slug='cat-h'), '資材H-3', 'mat-h-3', null, '{}'::jsonb, 3, true),
  ('00000000-0000-0000-0000-000000000001', (select id from categories where tenant_id='00000000-0000-0000-0000-000000000001' and slug='cat-h'), '資材H-4', 'mat-h-4', null, '{}'::jsonb, 4, true),
  ('00000000-0000-0000-0000-000000000001', (select id from categories where tenant_id='00000000-0000-0000-0000-000000000001' and slug='cat-h'), '資材H-5', 'mat-h-5', null, '{}'::jsonb, 5, true),
  ('00000000-0000-0000-0000-000000000001', (select id from categories where tenant_id='00000000-0000-0000-0000-000000000001' and slug='cat-h'), '資材H-6', 'mat-h-6', null, '{}'::jsonb, 6, true),
  ('00000000-0000-0000-0000-000000000001', (select id from categories where tenant_id='00000000-0000-0000-0000-000000000001' and slug='cat-h'), '資材H-7', 'mat-h-7', null, '{}'::jsonb, 7, true),
  ('00000000-0000-0000-0000-000000000001', (select id from categories where tenant_id='00000000-0000-0000-0000-000000000001' and slug='cat-h'), '資材H-8', 'mat-h-8', null, '{}'::jsonb, 8, true),
  ('00000000-0000-0000-0000-000000000001', (select id from categories where tenant_id='00000000-0000-0000-0000-000000000001' and slug='cat-h'), '資材H-9', 'mat-h-9', null, '{}'::jsonb, 9, true),
  ('00000000-0000-0000-0000-000000000001', (select id from categories where tenant_id='00000000-0000-0000-0000-000000000001' and slug='cat-i'), '資材I-1', 'mat-i-1', null, '{}'::jsonb, 1, true),
  ('00000000-0000-0000-0000-000000000001', (select id from categories where tenant_id='00000000-0000-0000-0000-000000000001' and slug='cat-i'), '資材I-2', 'mat-i-2', null, '{}'::jsonb, 2, true),
  ('00000000-0000-0000-0000-000000000001', (select id from categories where tenant_id='00000000-0000-0000-0000-000000000001' and slug='cat-i'), '資材I-3', 'mat-i-3', null, '{}'::jsonb, 3, true),
  ('00000000-0000-0000-0000-000000000001', (select id from categories where tenant_id='00000000-0000-0000-0000-000000000001' and slug='cat-i'), '資材I-4', 'mat-i-4', null, '{}'::jsonb, 4, true),
  ('00000000-0000-0000-0000-000000000001', (select id from categories where tenant_id='00000000-0000-0000-0000-000000000001' and slug='cat-i'), '資材I-5', 'mat-i-5', null, '{}'::jsonb, 5, true),
  ('00000000-0000-0000-0000-000000000001', (select id from categories where tenant_id='00000000-0000-0000-0000-000000000001' and slug='cat-i'), '資材I-6', 'mat-i-6', null, '{}'::jsonb, 6, true),
  ('00000000-0000-0000-0000-000000000001', (select id from categories where tenant_id='00000000-0000-0000-0000-000000000001' and slug='cat-i'), '資材I-7', 'mat-i-7', null, '{}'::jsonb, 7, true),
  ('00000000-0000-0000-0000-000000000001', (select id from categories where tenant_id='00000000-0000-0000-0000-000000000001' and slug='cat-i'), '資材I-8', 'mat-i-8', null, '{}'::jsonb, 8, true),
  ('00000000-0000-0000-0000-000000000001', (select id from categories where tenant_id='00000000-0000-0000-0000-000000000001' and slug='cat-i'), '資材I-9', 'mat-i-9', null, '{}'::jsonb, 9, true),
  ('00000000-0000-0000-0000-000000000001', (select id from categories where tenant_id='00000000-0000-0000-0000-000000000001' and slug='cat-i'), '資材I-10', 'mat-i-10', null, '{}'::jsonb, 10, true),
  ('00000000-0000-0000-0000-000000000001', (select id from categories where tenant_id='00000000-0000-0000-0000-000000000001' and slug='cat-i'), '資材I-11', 'mat-i-11', null, '{}'::jsonb, 11, true),
  ('00000000-0000-0000-0000-000000000001', (select id from categories where tenant_id='00000000-0000-0000-0000-000000000001' and slug='cat-i'), '資材I-12', 'mat-i-12', null, '{}'::jsonb, 12, true),
  ('00000000-0000-0000-0000-000000000001', (select id from categories where tenant_id='00000000-0000-0000-0000-000000000001' and slug='cat-i'), '資材I-13', 'mat-i-13', null, '{}'::jsonb, 13, true),
  ('00000000-0000-0000-0000-000000000001', (select id from categories where tenant_id='00000000-0000-0000-0000-000000000001' and slug='cat-i'), '資材I-14', 'mat-i-14', null, '{}'::jsonb, 14, true),
  ('00000000-0000-0000-0000-000000000001', (select id from categories where tenant_id='00000000-0000-0000-0000-000000000001' and slug='cat-i'), '資材I-15', 'mat-i-15', null, '{}'::jsonb, 15, true),
  ('00000000-0000-0000-0000-000000000001', (select id from categories where tenant_id='00000000-0000-0000-0000-000000000001' and slug='cat-i'), '資材I-16', 'mat-i-16', null, '{}'::jsonb, 16, true),
  ('00000000-0000-0000-0000-000000000001', (select id from categories where tenant_id='00000000-0000-0000-0000-000000000001' and slug='cat-j'), '資材J-1', 'mat-j-1', null, '{}'::jsonb, 1, true),
  ('00000000-0000-0000-0000-000000000001', (select id from categories where tenant_id='00000000-0000-0000-0000-000000000001' and slug='cat-j'), '資材J-2', 'mat-j-2', null, '{}'::jsonb, 2, true),
  ('00000000-0000-0000-0000-000000000001', (select id from categories where tenant_id='00000000-0000-0000-0000-000000000001' and slug='cat-j'), '資材J-3', 'mat-j-3', null, '{}'::jsonb, 3, true),
  ('00000000-0000-0000-0000-000000000001', (select id from categories where tenant_id='00000000-0000-0000-0000-000000000001' and slug='cat-j'), '資材J-4', 'mat-j-4', null, '{}'::jsonb, 4, true),
  ('00000000-0000-0000-0000-000000000001', (select id from categories where tenant_id='00000000-0000-0000-0000-000000000001' and slug='cat-j'), '資材J-5', 'mat-j-5', null, '{}'::jsonb, 5, true),
  ('00000000-0000-0000-0000-000000000001', (select id from categories where tenant_id='00000000-0000-0000-0000-000000000001' and slug='cat-j'), '資材J-6', 'mat-j-6', null, '{}'::jsonb, 6, true),
  ('00000000-0000-0000-0000-000000000001', (select id from categories where tenant_id='00000000-0000-0000-0000-000000000001' and slug='cat-k'), '資材K-1', 'mat-k-1', null, '{}'::jsonb, 1, true),
  ('00000000-0000-0000-0000-000000000001', (select id from categories where tenant_id='00000000-0000-0000-0000-000000000001' and slug='cat-k'), '資材K-2', 'mat-k-2', null, '{}'::jsonb, 2, true),
  ('00000000-0000-0000-0000-000000000001', (select id from categories where tenant_id='00000000-0000-0000-0000-000000000001' and slug='cat-k'), '資材K-3', 'mat-k-3', null, '{}'::jsonb, 3, true),
  ('00000000-0000-0000-0000-000000000001', (select id from categories where tenant_id='00000000-0000-0000-0000-000000000001' and slug='cat-k'), '資材K-4', 'mat-k-4', null, '{}'::jsonb, 4, true),
  ('00000000-0000-0000-0000-000000000001', (select id from categories where tenant_id='00000000-0000-0000-0000-000000000001' and slug='cat-k'), '資材K-5', 'mat-k-5', null, '{}'::jsonb, 5, true),
  ('00000000-0000-0000-0000-000000000001', (select id from categories where tenant_id='00000000-0000-0000-0000-000000000001' and slug='cat-l'), '資材L-1', 'mat-l-1', null, '{}'::jsonb, 1, true),
  ('00000000-0000-0000-0000-000000000001', (select id from categories where tenant_id='00000000-0000-0000-0000-000000000001' and slug='cat-l'), '資材L-2', 'mat-l-2', null, '{}'::jsonb, 2, true),
  ('00000000-0000-0000-0000-000000000001', (select id from categories where tenant_id='00000000-0000-0000-0000-000000000001' and slug='cat-l'), '資材L-3', 'mat-l-3', null, '{}'::jsonb, 3, true);

-- images / material_images (union): 画像なし

-- ==================== tenant: sanshin ====================

-- offices (sanshin)
insert into offices (tenant_id, name, area, address, phone, fax, sort_order, is_active) values
  ('00000000-0000-0000-0000-000000000002', '本社', '大分', '大分県大分市新貝6番7号', '097-552-1015', '097-552-1310', 1, true),
  ('00000000-0000-0000-0000-000000000002', '大分支店・機材センター', '大分', '大分県大分市大字上戸次3681', '097-597-2381', '097-597-4522', 2, true),
  ('00000000-0000-0000-0000-000000000002', '大分中央営業所・機材センター', '大分', '大分県大分市向原沖1丁目2番2号', '097-551-3478', '097-552-5560', 3, true),
  ('00000000-0000-0000-0000-000000000002', '日本製鉄構内営業所・機材センター', '大分', '大分県大分市大字西ノ州1', '097-556-3490', '097-556-3491', 4, true),
  ('00000000-0000-0000-0000-000000000002', '中津営業所・機材センター', '大分', '大分県中津市大字植野463', '0979-32-4131', '0979-32-4258', 5, true),
  ('00000000-0000-0000-0000-000000000002', '日田営業所・機材センター', '大分', '大分県日田市北友田2丁目2406-1', '0973-22-5796', '0973-22-5797', 6, true),
  ('00000000-0000-0000-0000-000000000002', '竹田営業所・機材センター', '大分', '大分県竹田市飛田川2239-5', '0974-63-2814', '0974-63-2815', 7, true),
  ('00000000-0000-0000-0000-000000000002', '佐伯営業所・機材センター', '大分', '大分県佐伯市大字上岡1551-1', '0972-24-0289', '0972-23-7563', 8, true),
  ('00000000-0000-0000-0000-000000000002', '臼杵営業所・機材センター', '大分', '大分県臼杵市大字井村1283番地の1', '0972-64-0421', '0972-64-0422', 9, true),
  ('00000000-0000-0000-0000-000000000002', '日出営業所・機材センター', '大分', '大分県速見郡日出町大字大神9656-10', '0977-28-0108', '0977-28-0107', 10, true),
  ('00000000-0000-0000-0000-000000000002', '福岡支店・機材センター', '福岡', '福岡県粕屋郡篠栗町大字和田405番地', '092-947-1490', '092-947-1294', 11, true),
  ('00000000-0000-0000-0000-000000000002', '小倉営業所・機材センター', '福岡', '福岡県北九州市小倉南区大字長野971-1', '093-472-6540', '093-472-6742', 12, true),
  ('00000000-0000-0000-0000-000000000002', '八幡営業所・機材センター', '福岡', '福岡県北九州市八幡西区洞北町4-5', '093-691-3411', '093-691-3412', 13, true),
  ('00000000-0000-0000-0000-000000000002', '筑豊営業所・機材センター', '福岡', '福岡県田川郡福智町赤池474-95', '0947-28-3981', '0947-28-3980', 14, true),
  ('00000000-0000-0000-0000-000000000002', '山口支店・機材センター', '山口', '山口県下松市大字山田字田中142-1', '0833-47-0808', '0833-46-3034', 15, true),
  ('00000000-0000-0000-0000-000000000002', '下関営業所・機材センター', '山口', '山口県下関市大字形山91番', '083-263-3596', '083-263-3597', 16, true),
  ('00000000-0000-0000-0000-000000000002', '宇部営業所・機材センター', '山口', '山口県宇部市大字船木14-11', '0836-67-3439', '0836-67-3438', 17, true),
  ('00000000-0000-0000-0000-000000000002', '岩国営業所・機材センター', '山口', '山口県岩国市日の出町2343番地1', '0827-88-4432', '0827-88-4448', 18, true);

-- categories (sanshin)
insert into categories (tenant_id, name, slug, image_url, sort_order) values
  ('00000000-0000-0000-0000-000000000002', '仮囲い', 'karigakoi', '/images/materials/0449.jpg', 1),
  ('00000000-0000-0000-0000-000000000002', '保安機材', 'hoan-kizai', '/images/materials/0484.jpg', 2),
  ('00000000-0000-0000-0000-000000000002', 'Iqシステム', 'iq-system', '/images/materials/kn9_img.webp', 3),
  ('00000000-0000-0000-0000-000000000002', '枠組足場', 'wakugumi-ashiba', '/images/materials/0502.jpg', 4),
  ('00000000-0000-0000-0000-000000000002', '昇降式足場', 'shoukou-ashiba', '/images/materials/kn6_img.webp', 5),
  ('00000000-0000-0000-0000-000000000002', '単管足場', 'tankan-ashiba', '/images/materials/0501.jpg', 6),
  ('00000000-0000-0000-0000-000000000002', '吊足場', 'tsuri-ashiba', '/images/materials/ch_2.jpg', 7),
  ('00000000-0000-0000-0000-000000000002', '鉄骨足場', 'tekkotsu-ashiba', '/images/materials/0484.jpg', 8),
  ('00000000-0000-0000-0000-000000000002', 'アルミ・室内足場', 'arumi-shitsunai', '/images/materials/ksp6.jpg', 9),
  ('00000000-0000-0000-0000-000000000002', '型枠／土木', 'katawaku-doboku', '/images/materials/0501.jpg', 10),
  ('00000000-0000-0000-0000-000000000002', '支保工／支保梁', 'shihokou', '/images/materials/0502.jpg', 11),
  ('00000000-0000-0000-0000-000000000002', 'ハウス／トイレ／備品', 'kasetsu-bihin', '/images/materials/ksp72.jpg', 12);

-- materials (sanshin)
insert into materials (tenant_id, category_id, name, slug, description, spec, sort_order, is_active) values
  ('00000000-0000-0000-0000-000000000002', (select id from categories where tenant_id='00000000-0000-0000-0000-000000000002' and slug='karigakoi'), 'ガルバ鋼板', 'galva-kouban', 'ガルバリウム鋼板製の仮囲いパネル', '{"規格":"2M / 3M","重量":"12.0kg / 18.1kg","材質":"JIS G3321 SGLCC"}'::jsonb, 1, true),
  ('00000000-0000-0000-0000-000000000002', (select id from categories where tenant_id='00000000-0000-0000-0000-000000000002' and slug='karigakoi'), '環境フェンス', 'kankyou-fence', '防音・防塵対応の環境配慮型フェンス', '{}'::jsonb, 2, true),
  ('00000000-0000-0000-0000-000000000002', (select id from categories where tenant_id='00000000-0000-0000-0000-000000000002' and slug='karigakoi'), 'クロスゲート', 'cross-gate', '伸縮式のクロスゲート', '{}'::jsonb, 3, true),
  ('00000000-0000-0000-0000-000000000002', (select id from categories where tenant_id='00000000-0000-0000-0000-000000000002' and slug='karigakoi'), 'フロアゲート', 'floor-gate', '車両出入口用フロアゲート', '{}'::jsonb, 4, true),
  ('00000000-0000-0000-0000-000000000002', (select id from categories where tenant_id='00000000-0000-0000-0000-000000000002' and slug='karigakoi'), '潜り戸', 'kugurido', '仮囲い用の通行戸', '{}'::jsonb, 5, true),
  ('00000000-0000-0000-0000-000000000002', (select id from categories where tenant_id='00000000-0000-0000-0000-000000000002' and slug='karigakoi'), 'パネルゲート', 'panel-gate', 'パネル式の大型ゲート', '{}'::jsonb, 6, true),
  ('00000000-0000-0000-0000-000000000002', (select id from categories where tenant_id='00000000-0000-0000-0000-000000000002' and slug='hoan-kizai'), 'カラーコーン', 'color-cone', '現場区画用カラーコーン', '{"重量":"1.0kg"}'::jsonb, 1, true),
  ('00000000-0000-0000-0000-000000000002', (select id from categories where tenant_id='00000000-0000-0000-0000-000000000002' and slug='hoan-kizai'), 'コーンベッド', 'cone-bed', 'カラーコーン用ベッド', '{"重量":"1.5kg"}'::jsonb, 2, true),
  ('00000000-0000-0000-0000-000000000002', (select id from categories where tenant_id='00000000-0000-0000-0000-000000000002' and slug='hoan-kizai'), 'コーンバー', 'cone-bar', 'コーン間連結バー', '{"重量":"1.0kg"}'::jsonb, 3, true),
  ('00000000-0000-0000-0000-000000000002', (select id from categories where tenant_id='00000000-0000-0000-0000-000000000002' and slug='hoan-kizai'), '単管バリケード', 'tankan-barricade', '単管パイプ製バリケード', '{"重量":"4.0kg"}'::jsonb, 4, true),
  ('00000000-0000-0000-0000-000000000002', (select id from categories where tenant_id='00000000-0000-0000-0000-000000000002' and slug='hoan-kizai'), '進入防止ドア', 'shinnyuu-boushi-door', '足場階段用の進入防止ドア', '{}'::jsonb, 5, true),
  ('00000000-0000-0000-0000-000000000002', (select id from categories where tenant_id='00000000-0000-0000-0000-000000000002' and slug='iq-system'), 'アイキューシステム', 'iq-system-parts', 'くさび緊結式足場（抜け止め機能付き）。階高1900mm、先行手すり標準装備', '{"階高":"1900mm","タイプ":"くさび緊結式"}'::jsonb, 1, true),
  ('00000000-0000-0000-0000-000000000002', (select id from categories where tenant_id='00000000-0000-0000-0000-000000000002' and slug='wakugumi-ashiba'), '建枠', 'tatewaku', '枠組足場の基本フレーム', '{}'::jsonb, 1, true),
  ('00000000-0000-0000-0000-000000000002', (select id from categories where tenant_id='00000000-0000-0000-0000-000000000002' and slug='wakugumi-ashiba'), '調整枠', 'chousei-waku', '高さ調整用フレーム', '{}'::jsonb, 2, true),
  ('00000000-0000-0000-0000-000000000002', (select id from categories where tenant_id='00000000-0000-0000-0000-000000000002' and slug='wakugumi-ashiba'), '拡げ枠', 'hiroge-waku', '幅拡張用フレーム', '{}'::jsonb, 3, true),
  ('00000000-0000-0000-0000-000000000002', (select id from categories where tenant_id='00000000-0000-0000-0000-000000000002' and slug='wakugumi-ashiba'), '梯子枠', 'hashigo-waku', '梯子付きフレーム', '{}'::jsonb, 4, true),
  ('00000000-0000-0000-0000-000000000002', (select id from categories where tenant_id='00000000-0000-0000-0000-000000000002' and slug='wakugumi-ashiba'), '連結ピン', 'renketsu-pin', '枠組足場の連結用ピン', '{}'::jsonb, 5, true),
  ('00000000-0000-0000-0000-000000000002', (select id from categories where tenant_id='00000000-0000-0000-0000-000000000002' and slug='wakugumi-ashiba'), '布板', 'nunobita', '足場用布板', '{}'::jsonb, 6, true),
  ('00000000-0000-0000-0000-000000000002', (select id from categories where tenant_id='00000000-0000-0000-0000-000000000002' and slug='wakugumi-ashiba'), 'コーナー板', 'corner-ita', 'コーナー部用板材', '{}'::jsonb, 7, true),
  ('00000000-0000-0000-0000-000000000002', (select id from categories where tenant_id='00000000-0000-0000-0000-000000000002' and slug='wakugumi-ashiba'), 'スジカイ', 'sujikai', '補強用筋交い', '{}'::jsonb, 8, true),
  ('00000000-0000-0000-0000-000000000002', (select id from categories where tenant_id='00000000-0000-0000-0000-000000000002' and slug='wakugumi-ashiba'), '階段', 'kaidan', '昇降用階段', '{}'::jsonb, 9, true),
  ('00000000-0000-0000-0000-000000000002', (select id from categories where tenant_id='00000000-0000-0000-0000-000000000002' and slug='wakugumi-ashiba'), '手摺り', 'tesuri', '安全手摺り', '{}'::jsonb, 10, true),
  ('00000000-0000-0000-0000-000000000002', (select id from categories where tenant_id='00000000-0000-0000-0000-000000000002' and slug='wakugumi-ashiba'), 'ジャッキベース', 'jack-base', '足場の高さ調整用ジャッキ', '{}'::jsonb, 11, true),
  ('00000000-0000-0000-0000-000000000002', (select id from categories where tenant_id='00000000-0000-0000-0000-000000000002' and slug='wakugumi-ashiba'), '壁つなぎ', 'kabe-tsunagi', '足場と建物の固定部材', '{}'::jsonb, 12, true),
  ('00000000-0000-0000-0000-000000000002', (select id from categories where tenant_id='00000000-0000-0000-0000-000000000002' and slug='wakugumi-ashiba'), 'ローリングタワー', 'rolling-tower', '移動式足場タワー', '{}'::jsonb, 13, true),
  ('00000000-0000-0000-0000-000000000002', (select id from categories where tenant_id='00000000-0000-0000-0000-000000000002' and slug='wakugumi-ashiba'), 'H鋼ブラケット', 'h-bracket', 'H鋼取付用ブラケット', '{}'::jsonb, 14, true),
  ('00000000-0000-0000-0000-000000000002', (select id from categories where tenant_id='00000000-0000-0000-0000-000000000002' and slug='wakugumi-ashiba'), '幅木（セフトバンパー）', 'habaki', '落下防止用幅木', '{}'::jsonb, 15, true),
  ('00000000-0000-0000-0000-000000000002', (select id from categories where tenant_id='00000000-0000-0000-0000-000000000002' and slug='wakugumi-ashiba'), '防炎メッシュ', 'bouen-mesh', '防炎仕様のメッシュシート', '{}'::jsonb, 16, true),
  ('00000000-0000-0000-0000-000000000002', (select id from categories where tenant_id='00000000-0000-0000-0000-000000000002' and slug='wakugumi-ashiba'), '防音シート', 'bouon-sheet', '防音仕様の養生シート', '{}'::jsonb, 17, true),
  ('00000000-0000-0000-0000-000000000002', (select id from categories where tenant_id='00000000-0000-0000-0000-000000000002' and slug='wakugumi-ashiba'), '防音パネル', 'bouon-panel', '防音対策パネル', '{}'::jsonb, 18, true),
  ('00000000-0000-0000-0000-000000000002', (select id from categories where tenant_id='00000000-0000-0000-0000-000000000002' and slug='shoukou-ashiba'), 'リフトクライマー', 'lift-climber', '自走式昇降足場', '{}'::jsonb, 1, true),
  ('00000000-0000-0000-0000-000000000002', (select id from categories where tenant_id='00000000-0000-0000-0000-000000000002' and slug='shoukou-ashiba'), '工事用エレベーター', 'kouji-elevator', '建設工事用エレベーター', '{}'::jsonb, 2, true),
  ('00000000-0000-0000-0000-000000000002', (select id from categories where tenant_id='00000000-0000-0000-0000-000000000002' and slug='tankan-ashiba'), 'パイプ', 'pipe', '単管パイプ（φ48.6mm）', '{"径":"φ48.6mm"}'::jsonb, 1, true),
  ('00000000-0000-0000-0000-000000000002', (select id from categories where tenant_id='00000000-0000-0000-0000-000000000002' and slug='tankan-ashiba'), 'クランプ', 'clamp', '直交・自在クランプ', '{}'::jsonb, 2, true),
  ('00000000-0000-0000-0000-000000000002', (select id from categories where tenant_id='00000000-0000-0000-0000-000000000002' and slug='tankan-ashiba'), '足場板', 'ashibaita', 'スチール製足場板', '{}'::jsonb, 3, true),
  ('00000000-0000-0000-0000-000000000002', (select id from categories where tenant_id='00000000-0000-0000-0000-000000000002' and slug='tankan-ashiba'), 'プラワンシリーズ', 'pla-one', 'プラスチック製足場板', '{}'::jsonb, 4, true),
  ('00000000-0000-0000-0000-000000000002', (select id from categories where tenant_id='00000000-0000-0000-0000-000000000002' and slug='tsuri-ashiba'), 'クイックデッキ', 'quick-deck', '吊り下げ式作業足場システム', '{}'::jsonb, 1, true),
  ('00000000-0000-0000-0000-000000000002', (select id from categories where tenant_id='00000000-0000-0000-0000-000000000002' and slug='tsuri-ashiba'), 'セーフティSKパネル', 'safety-sk-panel', '安全パネル式吊足場', '{}'::jsonb, 2, true),
  ('00000000-0000-0000-0000-000000000002', (select id from categories where tenant_id='00000000-0000-0000-0000-000000000002' and slug='tekkotsu-ashiba'), '親綱支柱', 'oyazuna-shichuu', '親綱固定用支柱', '{}'::jsonb, 1, true),
  ('00000000-0000-0000-0000-000000000002', (select id from categories where tenant_id='00000000-0000-0000-0000-000000000002' and slug='tekkotsu-ashiba'), '親綱', 'oyazuna', '安全帯取付用親綱ロープ', '{}'::jsonb, 2, true),
  ('00000000-0000-0000-0000-000000000002', (select id from categories where tenant_id='00000000-0000-0000-0000-000000000002' and slug='tekkotsu-ashiba'), '緊張器', 'kinchouki', '親綱用緊張器', '{}'::jsonb, 3, true),
  ('00000000-0000-0000-0000-000000000002', (select id from categories where tenant_id='00000000-0000-0000-0000-000000000002' and slug='tekkotsu-ashiba'), 'リリーフポスト', 'relief-post', '安全帯取付用ポスト', '{}'::jsonb, 4, true),
  ('00000000-0000-0000-0000-000000000002', (select id from categories where tenant_id='00000000-0000-0000-0000-000000000002' and slug='tekkotsu-ashiba'), 'ラッセルネット', 'russel-net', '落下防止用ラッセルネット', '{}'::jsonb, 5, true),
  ('00000000-0000-0000-0000-000000000002', (select id from categories where tenant_id='00000000-0000-0000-0000-000000000002' and slug='tekkotsu-ashiba'), 'グリーンネット', 'green-net', '落下防止用グリーンネット', '{}'::jsonb, 6, true),
  ('00000000-0000-0000-0000-000000000002', (select id from categories where tenant_id='00000000-0000-0000-0000-000000000002' and slug='tekkotsu-ashiba'), 'スタンション', 'stanchion', '手摺り支柱', '{}'::jsonb, 7, true),
  ('00000000-0000-0000-0000-000000000002', (select id from categories where tenant_id='00000000-0000-0000-0000-000000000002' and slug='tekkotsu-ashiba'), '安全ブロック', 'anzen-block', '安全ブロック（墜落防止器具）', '{}'::jsonb, 8, true),
  ('00000000-0000-0000-0000-000000000002', (select id from categories where tenant_id='00000000-0000-0000-0000-000000000002' and slug='tekkotsu-ashiba'), 'ロックマン', 'lockman', 'ロック式安全器具', '{}'::jsonb, 9, true),
  ('00000000-0000-0000-0000-000000000002', (select id from categories where tenant_id='00000000-0000-0000-0000-000000000002' and slug='arumi-shitsunai'), 'マキシムベース', 'maxim-base', 'アルミ製ベース', '{}'::jsonb, 1, true),
  ('00000000-0000-0000-0000-000000000002', (select id from categories where tenant_id='00000000-0000-0000-0000-000000000002' and slug='arumi-shitsunai'), 'ステップキューブ', 'step-cube', '組立式ステップ', '{}'::jsonb, 2, true),
  ('00000000-0000-0000-0000-000000000002', (select id from categories where tenant_id='00000000-0000-0000-0000-000000000002' and slug='arumi-shitsunai'), 'アルミはしご', 'arumi-hashigo', 'アルミ製はしご', '{}'::jsonb, 3, true),
  ('00000000-0000-0000-0000-000000000002', (select id from categories where tenant_id='00000000-0000-0000-0000-000000000002' and slug='arumi-shitsunai'), '天井点検口はしご', 'tenjo-hashigo', '天井点検口用はしご', '{}'::jsonb, 4, true),
  ('00000000-0000-0000-0000-000000000002', (select id from categories where tenant_id='00000000-0000-0000-0000-000000000002' and slug='arumi-shitsunai'), 'アルミ脚立', 'arumi-kyatatsu', 'アルミ製脚立', '{}'::jsonb, 5, true),
  ('00000000-0000-0000-0000-000000000002', (select id from categories where tenant_id='00000000-0000-0000-0000-000000000002' and slug='arumi-shitsunai'), 'コンステップ', 'cons-step', 'コンパクト作業台', '{}'::jsonb, 6, true),
  ('00000000-0000-0000-0000-000000000002', (select id from categories where tenant_id='00000000-0000-0000-0000-000000000002' and slug='arumi-shitsunai'), 'コンスタワー', 'cons-tower', '室内用ローリングタワー', '{}'::jsonb, 7, true),
  ('00000000-0000-0000-0000-000000000002', (select id from categories where tenant_id='00000000-0000-0000-0000-000000000002' and slug='arumi-shitsunai'), 'ライトステップ', 'light-step', '軽量ステップ', '{}'::jsonb, 8, true),
  ('00000000-0000-0000-0000-000000000002', (select id from categories where tenant_id='00000000-0000-0000-0000-000000000002' and slug='arumi-shitsunai'), 'トラッキング', 'tracking', '高所作業用トラッキング', '{}'::jsonb, 9, true),
  ('00000000-0000-0000-0000-000000000002', (select id from categories where tenant_id='00000000-0000-0000-0000-000000000002' and slug='arumi-shitsunai'), '簡易棚', 'kani-tana', '現場用簡易棚', '{}'::jsonb, 10, true),
  ('00000000-0000-0000-0000-000000000002', (select id from categories where tenant_id='00000000-0000-0000-0000-000000000002' and slug='arumi-shitsunai'), '1t台車', '1t-daisha', '1トン積載台車', '{}'::jsonb, 11, true),
  ('00000000-0000-0000-0000-000000000002', (select id from categories where tenant_id='00000000-0000-0000-0000-000000000002' and slug='arumi-shitsunai'), 'アルミ製六輪・四輪台車', 'arumi-daisha', 'アルミ製台車', '{}'::jsonb, 12, true),
  ('00000000-0000-0000-0000-000000000002', (select id from categories where tenant_id='00000000-0000-0000-0000-000000000002' and slug='arumi-shitsunai'), '多目的台車', 'tamokuteki-daisha', '多目的台車', '{}'::jsonb, 13, true),
  ('00000000-0000-0000-0000-000000000002', (select id from categories where tenant_id='00000000-0000-0000-0000-000000000002' and slug='arumi-shitsunai'), 'システム台車', 'system-daisha', 'システム台車', '{}'::jsonb, 14, true),
  ('00000000-0000-0000-0000-000000000002', (select id from categories where tenant_id='00000000-0000-0000-0000-000000000002' and slug='arumi-shitsunai'), 'ベランダブラケット', 'veranda-bracket', 'ベランダ用ブラケット', '{}'::jsonb, 15, true),
  ('00000000-0000-0000-0000-000000000002', (select id from categories where tenant_id='00000000-0000-0000-0000-000000000002' and slug='arumi-shitsunai'), 'ネットブラケット', 'net-bracket', 'ネット取付用ブラケット', '{}'::jsonb, 16, true),
  ('00000000-0000-0000-0000-000000000002', (select id from categories where tenant_id='00000000-0000-0000-0000-000000000002' and slug='katawaku-doboku'), 'バタ', 'bata', '型枠締付用バタ材', '{}'::jsonb, 1, true),
  ('00000000-0000-0000-0000-000000000002', (select id from categories where tenant_id='00000000-0000-0000-0000-000000000002' and slug='katawaku-doboku'), 'OKマット', 'ok-mat', '型枠用マット', '{}'::jsonb, 2, true),
  ('00000000-0000-0000-0000-000000000002', (select id from categories where tenant_id='00000000-0000-0000-0000-000000000002' and slug='katawaku-doboku'), 'メッシュロード', 'mesh-road', '仮設道路用メッシュパネル', '{}'::jsonb, 3, true),
  ('00000000-0000-0000-0000-000000000002', (select id from categories where tenant_id='00000000-0000-0000-0000-000000000002' and slug='katawaku-doboku'), '法面ブラケット', 'norimen-bracket', '法面用ブラケット', '{}'::jsonb, 4, true),
  ('00000000-0000-0000-0000-000000000002', (select id from categories where tenant_id='00000000-0000-0000-0000-000000000002' and slug='katawaku-doboku'), 'アルウォーク', 'aru-walk', 'アルミ製歩行通路', '{}'::jsonb, 5, true),
  ('00000000-0000-0000-0000-000000000002', (select id from categories where tenant_id='00000000-0000-0000-0000-000000000002' and slug='katawaku-doboku'), 'マルチアングル工法', 'multi-angle', 'マルチアングル工法部材', '{}'::jsonb, 6, true),
  ('00000000-0000-0000-0000-000000000002', (select id from categories where tenant_id='00000000-0000-0000-0000-000000000002' and slug='shihokou'), 'OKサポート', 'ok-support', '型枠支保工・OKサポートシステム', '{}'::jsonb, 1, true),
  ('00000000-0000-0000-0000-000000000002', (select id from categories where tenant_id='00000000-0000-0000-0000-000000000002' and slug='shihokou'), 'パイプサポート', 'pipe-support', 'パイプ式サポート', '{}'::jsonb, 2, true),
  ('00000000-0000-0000-0000-000000000002', (select id from categories where tenant_id='00000000-0000-0000-0000-000000000002' and slug='shihokou'), '強力サポート', 'kyouryoku-support', '高耐荷重サポート', '{}'::jsonb, 3, true),
  ('00000000-0000-0000-0000-000000000002', (select id from categories where tenant_id='00000000-0000-0000-0000-000000000002' and slug='shihokou'), '四角支柱', 'shikaku-shichuu', '四角支柱システム', '{}'::jsonb, 4, true),
  ('00000000-0000-0000-0000-000000000002', (select id from categories where tenant_id='00000000-0000-0000-0000-000000000002' and slug='shihokou'), 'ペコビーム', 'peco-beam', '支保梁ペコビーム', '{}'::jsonb, 5, true),
  ('00000000-0000-0000-0000-000000000002', (select id from categories where tenant_id='00000000-0000-0000-0000-000000000002' and slug='kasetsu-bihin'), '仮設ハウス', 'kasetsu-house', '現場事務所用プレハブ', '{}'::jsonb, 1, true),
  ('00000000-0000-0000-0000-000000000002', (select id from categories where tenant_id='00000000-0000-0000-0000-000000000002' and slug='kasetsu-bihin'), '仮設トイレ', 'kasetsu-toilet', '仮設トイレユニット', '{}'::jsonb, 2, true),
  ('00000000-0000-0000-0000-000000000002', (select id from categories where tenant_id='00000000-0000-0000-0000-000000000002' and slug='kasetsu-bihin'), '備品', 'bihin', '現場用備品各種', '{}'::jsonb, 3, true);

-- images (sanshin)
insert into images (tenant_id, url) values
  ('00000000-0000-0000-0000-000000000002', '/images/catalog-pages/page_103.webp'),
  ('00000000-0000-0000-0000-000000000002', '/images/catalog-pages/page_104.webp'),
  ('00000000-0000-0000-0000-000000000002', '/images/catalog-pages/page_105.webp'),
  ('00000000-0000-0000-0000-000000000002', '/images/catalog-pages/page_106.webp'),
  ('00000000-0000-0000-0000-000000000002', '/images/catalog-pages/page_107.webp'),
  ('00000000-0000-0000-0000-000000000002', '/images/catalog-pages/page_108.webp'),
  ('00000000-0000-0000-0000-000000000002', '/images/catalog-pages/page_109.webp'),
  ('00000000-0000-0000-0000-000000000002', '/images/catalog-pages/page_110.webp'),
  ('00000000-0000-0000-0000-000000000002', '/images/catalog-pages/page_111.webp'),
  ('00000000-0000-0000-0000-000000000002', '/images/catalog-pages/page_112.webp'),
  ('00000000-0000-0000-0000-000000000002', '/images/catalog-pages/page_113.webp'),
  ('00000000-0000-0000-0000-000000000002', '/images/catalog-pages/page_115.webp'),
  ('00000000-0000-0000-0000-000000000002', '/images/catalog-pages/page_117.webp'),
  ('00000000-0000-0000-0000-000000000002', '/images/catalog-pages/page_118.webp'),
  ('00000000-0000-0000-0000-000000000002', '/images/catalog-pages/page_119.webp'),
  ('00000000-0000-0000-0000-000000000002', '/images/catalog-pages/page_120.webp'),
  ('00000000-0000-0000-0000-000000000002', '/images/catalog-pages/page_121.webp'),
  ('00000000-0000-0000-0000-000000000002', '/images/catalog-pages/page_122.webp'),
  ('00000000-0000-0000-0000-000000000002', '/images/catalog-pages/page_123.webp'),
  ('00000000-0000-0000-0000-000000000002', '/images/catalog-pages/page_124.webp'),
  ('00000000-0000-0000-0000-000000000002', '/images/catalog-pages/page_127.webp'),
  ('00000000-0000-0000-0000-000000000002', '/images/catalog-pages/page_128.webp'),
  ('00000000-0000-0000-0000-000000000002', '/images/catalog-pages/page_129.webp'),
  ('00000000-0000-0000-0000-000000000002', '/images/catalog-pages/page_131.webp'),
  ('00000000-0000-0000-0000-000000000002', '/images/catalog-pages/page_132.webp'),
  ('00000000-0000-0000-0000-000000000002', '/images/catalog-pages/page_133.webp'),
  ('00000000-0000-0000-0000-000000000002', '/images/catalog-pages/page_136.webp'),
  ('00000000-0000-0000-0000-000000000002', '/images/catalog-pages/page_146.webp'),
  ('00000000-0000-0000-0000-000000000002', '/images/catalog-pages/page_147.webp'),
  ('00000000-0000-0000-0000-000000000002', '/images/catalog-pages/page_149.webp'),
  ('00000000-0000-0000-0000-000000000002', '/images/catalog-pages/page_153.webp'),
  ('00000000-0000-0000-0000-000000000002', '/images/catalog-pages/page_154.webp'),
  ('00000000-0000-0000-0000-000000000002', '/images/catalog-pages/page_155.webp'),
  ('00000000-0000-0000-0000-000000000002', '/images/catalog-pages/page_156.webp'),
  ('00000000-0000-0000-0000-000000000002', '/images/catalog-pages/page_157.webp'),
  ('00000000-0000-0000-0000-000000000002', '/images/catalog-pages/page_158.webp'),
  ('00000000-0000-0000-0000-000000000002', '/images/catalog-pages/page_159.webp'),
  ('00000000-0000-0000-0000-000000000002', '/images/catalog-pages/page_160.webp'),
  ('00000000-0000-0000-0000-000000000002', '/images/catalog-pages/page_161.webp'),
  ('00000000-0000-0000-0000-000000000002', '/images/catalog-pages/page_162.webp'),
  ('00000000-0000-0000-0000-000000000002', '/images/catalog-pages/page_163.webp'),
  ('00000000-0000-0000-0000-000000000002', '/images/catalog-pages/page_165.webp'),
  ('00000000-0000-0000-0000-000000000002', '/images/catalog-pages/page_166.webp'),
  ('00000000-0000-0000-0000-000000000002', '/images/catalog-pages/page_167.webp'),
  ('00000000-0000-0000-0000-000000000002', '/images/catalog-pages/page_168.webp'),
  ('00000000-0000-0000-0000-000000000002', '/images/catalog-pages/page_169.webp'),
  ('00000000-0000-0000-0000-000000000002', '/images/catalog-pages/page_170.webp'),
  ('00000000-0000-0000-0000-000000000002', '/images/catalog-pages/page_171.webp'),
  ('00000000-0000-0000-0000-000000000002', '/images/catalog-pages/page_172.webp'),
  ('00000000-0000-0000-0000-000000000002', '/images/catalog-pages/page_173.webp'),
  ('00000000-0000-0000-0000-000000000002', '/images/catalog-pages/page_174.webp'),
  ('00000000-0000-0000-0000-000000000002', '/images/catalog-pages/page_175.webp'),
  ('00000000-0000-0000-0000-000000000002', '/images/catalog-pages/page_176.webp'),
  ('00000000-0000-0000-0000-000000000002', '/images/catalog-pages/page_177.webp'),
  ('00000000-0000-0000-0000-000000000002', '/images/catalog-pages/page_178.webp'),
  ('00000000-0000-0000-0000-000000000002', '/images/catalog-pages/page_179.webp'),
  ('00000000-0000-0000-0000-000000000002', '/images/catalog-pages/page_180.webp'),
  ('00000000-0000-0000-0000-000000000002', '/images/catalog-pages/page_181.webp'),
  ('00000000-0000-0000-0000-000000000002', '/images/catalog-pages/page_182.webp'),
  ('00000000-0000-0000-0000-000000000002', '/images/catalog-pages/page_183.webp'),
  ('00000000-0000-0000-0000-000000000002', '/images/catalog-pages/page_184.webp'),
  ('00000000-0000-0000-0000-000000000002', '/images/catalog-pages/page_185.webp'),
  ('00000000-0000-0000-0000-000000000002', '/images/catalog-pages/page_186.webp'),
  ('00000000-0000-0000-0000-000000000002', '/images/catalog-pages/page_187.webp'),
  ('00000000-0000-0000-0000-000000000002', '/images/catalog-pages/page_188.webp'),
  ('00000000-0000-0000-0000-000000000002', '/images/catalog-pages/page_189.webp'),
  ('00000000-0000-0000-0000-000000000002', '/images/catalog-pages/page_19.webp'),
  ('00000000-0000-0000-0000-000000000002', '/images/catalog-pages/page_190.webp'),
  ('00000000-0000-0000-0000-000000000002', '/images/catalog-pages/page_191.webp'),
  ('00000000-0000-0000-0000-000000000002', '/images/catalog-pages/page_192.webp'),
  ('00000000-0000-0000-0000-000000000002', '/images/catalog-pages/page_193.webp'),
  ('00000000-0000-0000-0000-000000000002', '/images/catalog-pages/page_194.webp'),
  ('00000000-0000-0000-0000-000000000002', '/images/catalog-pages/page_195.webp'),
  ('00000000-0000-0000-0000-000000000002', '/images/catalog-pages/page_196.webp'),
  ('00000000-0000-0000-0000-000000000002', '/images/catalog-pages/page_197.webp'),
  ('00000000-0000-0000-0000-000000000002', '/images/catalog-pages/page_198.webp'),
  ('00000000-0000-0000-0000-000000000002', '/images/catalog-pages/page_20.webp'),
  ('00000000-0000-0000-0000-000000000002', '/images/catalog-pages/page_201.webp'),
  ('00000000-0000-0000-0000-000000000002', '/images/catalog-pages/page_202.webp'),
  ('00000000-0000-0000-0000-000000000002', '/images/catalog-pages/page_203.webp'),
  ('00000000-0000-0000-0000-000000000002', '/images/catalog-pages/page_204.webp'),
  ('00000000-0000-0000-0000-000000000002', '/images/catalog-pages/page_205.webp'),
  ('00000000-0000-0000-0000-000000000002', '/images/catalog-pages/page_206.webp'),
  ('00000000-0000-0000-0000-000000000002', '/images/catalog-pages/page_207.webp'),
  ('00000000-0000-0000-0000-000000000002', '/images/catalog-pages/page_21.webp'),
  ('00000000-0000-0000-0000-000000000002', '/images/catalog-pages/page_22.webp'),
  ('00000000-0000-0000-0000-000000000002', '/images/catalog-pages/page_23.webp'),
  ('00000000-0000-0000-0000-000000000002', '/images/catalog-pages/page_24.webp'),
  ('00000000-0000-0000-0000-000000000002', '/images/catalog-pages/page_25.webp'),
  ('00000000-0000-0000-0000-000000000002', '/images/catalog-pages/page_27.webp'),
  ('00000000-0000-0000-0000-000000000002', '/images/catalog-pages/page_29.webp'),
  ('00000000-0000-0000-0000-000000000002', '/images/catalog-pages/page_30.webp'),
  ('00000000-0000-0000-0000-000000000002', '/images/catalog-pages/page_31.webp'),
  ('00000000-0000-0000-0000-000000000002', '/images/catalog-pages/page_32.webp'),
  ('00000000-0000-0000-0000-000000000002', '/images/catalog-pages/page_33.webp'),
  ('00000000-0000-0000-0000-000000000002', '/images/catalog-pages/page_39.webp'),
  ('00000000-0000-0000-0000-000000000002', '/images/catalog-pages/page_40.webp'),
  ('00000000-0000-0000-0000-000000000002', '/images/catalog-pages/page_41.webp'),
  ('00000000-0000-0000-0000-000000000002', '/images/catalog-pages/page_42.webp'),
  ('00000000-0000-0000-0000-000000000002', '/images/catalog-pages/page_44.webp'),
  ('00000000-0000-0000-0000-000000000002', '/images/catalog-pages/page_45.webp'),
  ('00000000-0000-0000-0000-000000000002', '/images/catalog-pages/page_46.webp'),
  ('00000000-0000-0000-0000-000000000002', '/images/catalog-pages/page_47.webp'),
  ('00000000-0000-0000-0000-000000000002', '/images/catalog-pages/page_48.webp'),
  ('00000000-0000-0000-0000-000000000002', '/images/catalog-pages/page_49.webp'),
  ('00000000-0000-0000-0000-000000000002', '/images/catalog-pages/page_50.webp'),
  ('00000000-0000-0000-0000-000000000002', '/images/catalog-pages/page_54.webp'),
  ('00000000-0000-0000-0000-000000000002', '/images/catalog-pages/page_55.webp'),
  ('00000000-0000-0000-0000-000000000002', '/images/catalog-pages/page_56.webp'),
  ('00000000-0000-0000-0000-000000000002', '/images/catalog-pages/page_57.webp'),
  ('00000000-0000-0000-0000-000000000002', '/images/catalog-pages/page_58.webp'),
  ('00000000-0000-0000-0000-000000000002', '/images/catalog-pages/page_59.webp'),
  ('00000000-0000-0000-0000-000000000002', '/images/catalog-pages/page_63.webp'),
  ('00000000-0000-0000-0000-000000000002', '/images/catalog-pages/page_64.webp'),
  ('00000000-0000-0000-0000-000000000002', '/images/catalog-pages/page_65.webp'),
  ('00000000-0000-0000-0000-000000000002', '/images/catalog-pages/page_66.webp'),
  ('00000000-0000-0000-0000-000000000002', '/images/catalog-pages/page_67.webp'),
  ('00000000-0000-0000-0000-000000000002', '/images/catalog-pages/page_73.webp'),
  ('00000000-0000-0000-0000-000000000002', '/images/catalog-pages/page_74.webp'),
  ('00000000-0000-0000-0000-000000000002', '/images/catalog-pages/page_75.webp'),
  ('00000000-0000-0000-0000-000000000002', '/images/catalog-pages/page_76.webp'),
  ('00000000-0000-0000-0000-000000000002', '/images/catalog-pages/page_77.webp'),
  ('00000000-0000-0000-0000-000000000002', '/images/catalog-pages/page_78.webp'),
  ('00000000-0000-0000-0000-000000000002', '/images/catalog-pages/page_79.webp'),
  ('00000000-0000-0000-0000-000000000002', '/images/catalog-pages/page_80.webp'),
  ('00000000-0000-0000-0000-000000000002', '/images/catalog-pages/page_83.webp'),
  ('00000000-0000-0000-0000-000000000002', '/images/catalog-pages/page_84.webp'),
  ('00000000-0000-0000-0000-000000000002', '/images/catalog-pages/page_85.webp'),
  ('00000000-0000-0000-0000-000000000002', '/images/catalog-pages/page_86.webp'),
  ('00000000-0000-0000-0000-000000000002', '/images/catalog-pages/page_87.webp'),
  ('00000000-0000-0000-0000-000000000002', '/images/catalog-pages/page_88.webp'),
  ('00000000-0000-0000-0000-000000000002', '/images/catalog-pages/page_92.webp'),
  ('00000000-0000-0000-0000-000000000002', '/images/catalog-pages/page_93.webp'),
  ('00000000-0000-0000-0000-000000000002', '/images/materials/0450.jpg'),
  ('00000000-0000-0000-0000-000000000002', '/images/materials/0453.jpg'),
  ('00000000-0000-0000-0000-000000000002', '/images/materials/ch_2.jpg'),
  ('00000000-0000-0000-0000-000000000002', '/images/materials/kn5_img.webp'),
  ('00000000-0000-0000-0000-000000000002', '/images/materials/kn6_img.webp'),
  ('00000000-0000-0000-0000-000000000002', '/images/materials/kn9_img.webp'),
  ('00000000-0000-0000-0000-000000000002', '/images/materials/ksp72.jpg');

-- material_images (sanshin)
insert into material_images (material_id, image_id, sort_order, is_primary)
select m.id, i.id, v.sort_order, v.is_primary
from (values
  ('galva-kouban', '/images/catalog-pages/page_19.webp', 0, true),
  ('galva-kouban', '/images/catalog-pages/page_20.webp', 1, false),
  ('kankyou-fence', '/images/catalog-pages/page_21.webp', 0, true),
  ('kankyou-fence', '/images/catalog-pages/page_22.webp', 1, false),
  ('cross-gate', '/images/catalog-pages/page_23.webp', 0, true),
  ('floor-gate', '/images/catalog-pages/page_23.webp', 0, true),
  ('kugurido', '/images/catalog-pages/page_23.webp', 0, true),
  ('panel-gate', '/images/catalog-pages/page_24.webp', 0, true),
  ('panel-gate', '/images/catalog-pages/page_25.webp', 1, false),
  ('color-cone', '/images/catalog-pages/page_27.webp', 0, true),
  ('cone-bed', '/images/catalog-pages/page_27.webp', 0, true),
  ('cone-bar', '/images/catalog-pages/page_27.webp', 0, true),
  ('tankan-barricade', '/images/catalog-pages/page_27.webp', 0, true),
  ('shinnyuu-boushi-door', '/images/catalog-pages/page_27.webp', 0, true),
  ('iq-system-parts', '/images/materials/kn9_img.webp', 0, true),
  ('iq-system-parts', '/images/catalog-pages/page_29.webp', 1, false),
  ('iq-system-parts', '/images/catalog-pages/page_30.webp', 2, false),
  ('iq-system-parts', '/images/catalog-pages/page_31.webp', 3, false),
  ('iq-system-parts', '/images/catalog-pages/page_32.webp', 4, false),
  ('iq-system-parts', '/images/catalog-pages/page_33.webp', 5, false),
  ('tatewaku', '/images/catalog-pages/page_39.webp', 0, true),
  ('tatewaku', '/images/catalog-pages/page_40.webp', 1, false),
  ('chousei-waku', '/images/catalog-pages/page_41.webp', 0, true),
  ('hiroge-waku', '/images/catalog-pages/page_42.webp', 0, true),
  ('hashigo-waku', '/images/catalog-pages/page_42.webp', 0, true),
  ('renketsu-pin', '/images/catalog-pages/page_44.webp', 0, true),
  ('nunobita', '/images/catalog-pages/page_44.webp', 0, true),
  ('corner-ita', '/images/catalog-pages/page_45.webp', 0, true),
  ('sujikai', '/images/catalog-pages/page_46.webp', 0, true),
  ('kaidan', '/images/catalog-pages/page_47.webp', 0, true),
  ('tesuri', '/images/catalog-pages/page_47.webp', 0, true),
  ('tesuri', '/images/catalog-pages/page_48.webp', 1, false),
  ('jack-base', '/images/catalog-pages/page_49.webp', 0, true),
  ('kabe-tsunagi', '/images/catalog-pages/page_50.webp', 0, true),
  ('rolling-tower', '/images/catalog-pages/page_54.webp', 0, true),
  ('rolling-tower', '/images/catalog-pages/page_55.webp', 1, false),
  ('rolling-tower', '/images/catalog-pages/page_56.webp', 2, false),
  ('rolling-tower', '/images/catalog-pages/page_57.webp', 3, false),
  ('h-bracket', '/images/catalog-pages/page_58.webp', 0, true),
  ('habaki', '/images/catalog-pages/page_59.webp', 0, true),
  ('bouen-mesh', '/images/catalog-pages/page_63.webp', 0, true),
  ('bouen-mesh', '/images/catalog-pages/page_64.webp', 1, false),
  ('bouon-sheet', '/images/catalog-pages/page_65.webp', 0, true),
  ('bouon-panel', '/images/catalog-pages/page_66.webp', 0, true),
  ('bouon-panel', '/images/catalog-pages/page_67.webp', 1, false),
  ('lift-climber', '/images/materials/kn6_img.webp', 0, true),
  ('lift-climber', '/images/catalog-pages/page_73.webp', 1, false),
  ('lift-climber', '/images/catalog-pages/page_74.webp', 2, false),
  ('lift-climber', '/images/catalog-pages/page_75.webp', 3, false),
  ('lift-climber', '/images/catalog-pages/page_76.webp', 4, false),
  ('kouji-elevator', '/images/catalog-pages/page_77.webp', 0, true),
  ('kouji-elevator', '/images/catalog-pages/page_78.webp', 1, false),
  ('kouji-elevator', '/images/catalog-pages/page_79.webp', 2, false),
  ('kouji-elevator', '/images/catalog-pages/page_80.webp', 3, false),
  ('pipe', '/images/catalog-pages/page_83.webp', 0, true),
  ('pipe', '/images/catalog-pages/page_84.webp', 1, false),
  ('clamp', '/images/catalog-pages/page_85.webp', 0, true),
  ('clamp', '/images/catalog-pages/page_86.webp', 1, false),
  ('clamp', '/images/catalog-pages/page_87.webp', 2, false),
  ('ashibaita', '/images/catalog-pages/page_88.webp', 0, true),
  ('pla-one', '/images/catalog-pages/page_92.webp', 0, true),
  ('pla-one', '/images/catalog-pages/page_93.webp', 1, false),
  ('quick-deck', '/images/materials/ch_2.jpg', 0, true),
  ('quick-deck', '/images/catalog-pages/page_103.webp', 1, false),
  ('quick-deck', '/images/catalog-pages/page_104.webp', 2, false),
  ('quick-deck', '/images/catalog-pages/page_105.webp', 3, false),
  ('quick-deck', '/images/catalog-pages/page_106.webp', 4, false),
  ('quick-deck', '/images/catalog-pages/page_107.webp', 5, false),
  ('quick-deck', '/images/catalog-pages/page_108.webp', 6, false),
  ('safety-sk-panel', '/images/materials/kn5_img.webp', 0, true),
  ('safety-sk-panel', '/images/catalog-pages/page_109.webp', 1, false),
  ('safety-sk-panel', '/images/catalog-pages/page_110.webp', 2, false),
  ('safety-sk-panel', '/images/catalog-pages/page_111.webp', 3, false),
  ('safety-sk-panel', '/images/catalog-pages/page_112.webp', 4, false),
  ('safety-sk-panel', '/images/catalog-pages/page_113.webp', 5, false),
  ('oyazuna-shichuu', '/images/catalog-pages/page_115.webp', 0, true),
  ('oyazuna', '/images/catalog-pages/page_115.webp', 0, true),
  ('kinchouki', '/images/catalog-pages/page_115.webp', 0, true),
  ('relief-post', '/images/catalog-pages/page_117.webp', 0, true),
  ('relief-post', '/images/catalog-pages/page_118.webp', 1, false),
  ('russel-net', '/images/catalog-pages/page_119.webp', 0, true),
  ('green-net', '/images/catalog-pages/page_120.webp', 0, true),
  ('stanchion', '/images/catalog-pages/page_121.webp', 0, true),
  ('stanchion', '/images/catalog-pages/page_122.webp', 1, false),
  ('anzen-block', '/images/catalog-pages/page_123.webp', 0, true),
  ('lockman', '/images/catalog-pages/page_124.webp', 0, true),
  ('maxim-base', '/images/catalog-pages/page_127.webp', 0, true),
  ('step-cube', '/images/catalog-pages/page_128.webp', 0, true),
  ('arumi-hashigo', '/images/catalog-pages/page_129.webp', 0, true),
  ('tenjo-hashigo', '/images/catalog-pages/page_129.webp', 0, true),
  ('arumi-kyatatsu', '/images/catalog-pages/page_131.webp', 0, true),
  ('cons-step', '/images/catalog-pages/page_131.webp', 0, true),
  ('cons-tower', '/images/catalog-pages/page_132.webp', 0, true),
  ('light-step', '/images/catalog-pages/page_132.webp', 0, true),
  ('tracking', '/images/catalog-pages/page_133.webp', 0, true),
  ('kani-tana', '/images/catalog-pages/page_136.webp', 0, true),
  ('1t-daisha', '/images/catalog-pages/page_146.webp', 0, true),
  ('arumi-daisha', '/images/catalog-pages/page_146.webp', 0, true),
  ('tamokuteki-daisha', '/images/catalog-pages/page_147.webp', 0, true),
  ('system-daisha', '/images/catalog-pages/page_147.webp', 0, true),
  ('veranda-bracket', '/images/catalog-pages/page_149.webp', 0, true),
  ('net-bracket', '/images/catalog-pages/page_149.webp', 0, true),
  ('bata', '/images/catalog-pages/page_153.webp', 0, true),
  ('ok-mat', '/images/catalog-pages/page_153.webp', 0, true),
  ('mesh-road', '/images/catalog-pages/page_154.webp', 0, true),
  ('norimen-bracket', '/images/catalog-pages/page_155.webp', 0, true),
  ('aru-walk', '/images/catalog-pages/page_155.webp', 0, true),
  ('multi-angle', '/images/catalog-pages/page_156.webp', 0, true),
  ('multi-angle', '/images/catalog-pages/page_157.webp', 1, false),
  ('multi-angle', '/images/catalog-pages/page_158.webp', 2, false),
  ('multi-angle', '/images/catalog-pages/page_159.webp', 3, false),
  ('multi-angle', '/images/catalog-pages/page_160.webp', 4, false),
  ('multi-angle', '/images/catalog-pages/page_161.webp', 5, false),
  ('multi-angle', '/images/catalog-pages/page_162.webp', 6, false),
  ('multi-angle', '/images/catalog-pages/page_163.webp', 7, false),
  ('ok-support', '/images/catalog-pages/page_165.webp', 0, true),
  ('ok-support', '/images/catalog-pages/page_166.webp', 1, false),
  ('ok-support', '/images/catalog-pages/page_167.webp', 2, false),
  ('ok-support', '/images/catalog-pages/page_168.webp', 3, false),
  ('ok-support', '/images/catalog-pages/page_169.webp', 4, false),
  ('ok-support', '/images/catalog-pages/page_170.webp', 5, false),
  ('ok-support', '/images/catalog-pages/page_171.webp', 6, false),
  ('ok-support', '/images/catalog-pages/page_172.webp', 7, false),
  ('ok-support', '/images/catalog-pages/page_173.webp', 8, false),
  ('ok-support', '/images/catalog-pages/page_174.webp', 9, false),
  ('ok-support', '/images/catalog-pages/page_175.webp', 10, false),
  ('ok-support', '/images/catalog-pages/page_176.webp', 11, false),
  ('ok-support', '/images/catalog-pages/page_177.webp', 12, false),
  ('ok-support', '/images/catalog-pages/page_178.webp', 13, false),
  ('ok-support', '/images/catalog-pages/page_179.webp', 14, false),
  ('ok-support', '/images/catalog-pages/page_180.webp', 15, false),
  ('ok-support', '/images/catalog-pages/page_181.webp', 16, false),
  ('pipe-support', '/images/catalog-pages/page_182.webp', 0, true),
  ('pipe-support', '/images/catalog-pages/page_183.webp', 1, false),
  ('pipe-support', '/images/catalog-pages/page_184.webp', 2, false),
  ('pipe-support', '/images/catalog-pages/page_185.webp', 3, false),
  ('pipe-support', '/images/catalog-pages/page_186.webp', 4, false),
  ('kyouryoku-support', '/images/catalog-pages/page_187.webp', 0, true),
  ('kyouryoku-support', '/images/catalog-pages/page_188.webp', 1, false),
  ('kyouryoku-support', '/images/catalog-pages/page_189.webp', 2, false),
  ('shikaku-shichuu', '/images/catalog-pages/page_190.webp', 0, true),
  ('shikaku-shichuu', '/images/catalog-pages/page_191.webp', 1, false),
  ('shikaku-shichuu', '/images/catalog-pages/page_192.webp', 2, false),
  ('shikaku-shichuu', '/images/catalog-pages/page_193.webp', 3, false),
  ('shikaku-shichuu', '/images/catalog-pages/page_194.webp', 4, false),
  ('shikaku-shichuu', '/images/catalog-pages/page_195.webp', 5, false),
  ('peco-beam', '/images/catalog-pages/page_196.webp', 0, true),
  ('peco-beam', '/images/catalog-pages/page_197.webp', 1, false),
  ('peco-beam', '/images/catalog-pages/page_198.webp', 2, false),
  ('kasetsu-house', '/images/materials/ksp72.jpg', 0, true),
  ('kasetsu-house', '/images/catalog-pages/page_201.webp', 1, false),
  ('kasetsu-house', '/images/catalog-pages/page_202.webp', 2, false),
  ('kasetsu-toilet', '/images/materials/0453.jpg', 0, true),
  ('kasetsu-toilet', '/images/catalog-pages/page_203.webp', 1, false),
  ('kasetsu-toilet', '/images/catalog-pages/page_204.webp', 2, false),
  ('bihin', '/images/materials/0450.jpg', 0, true),
  ('bihin', '/images/catalog-pages/page_205.webp', 1, false),
  ('bihin', '/images/catalog-pages/page_206.webp', 2, false),
  ('bihin', '/images/catalog-pages/page_207.webp', 3, false)
) as v(material_slug, image_url, sort_order, is_primary)
join materials m on m.tenant_id='00000000-0000-0000-0000-000000000002' and m.slug = v.material_slug
join images i on i.tenant_id='00000000-0000-0000-0000-000000000002' and i.url = v.image_url;

